,username,rating,date
0,AnishPanda2016,979,2022-12-13
1,AnishPanda2016,1085,2022-12-14
2,AnishPanda2016,1140,2022-12-16
3,AnishPanda2016,1023,2022-12-17
4,AnishPanda2016,1016,2022-12-18
5,AnishPanda2016,989,2022-12-19
6,AnishPanda2016,974,2022-12-22
7,AnishPanda2016,966,2022-12-23
8,AnishPanda2016,954,2022-12-24
9,AnishPanda2016,932,2023-01-02
10,AnishPanda2016,877,2023-01-03
11,AnishPanda2016,870,2023-01-04
12,AnishPanda2016,849,2023-01-05
13,AnishPanda2016,829,2023-01-06
14,AnishPanda2016,808,2023-01-07
15,AnishPanda2016,816,2023-01-09
16,AnishPanda2016,831,2023-03-16
17,AnishPanda2016,818,2023-03-21
18,AnishPanda2016,868,2023-06-12
19,AnishPanda2016,814,2023-06-25
20,AnishPanda2016,853,2023-07-03
21,AnishPanda2016,840,2023-07-09
22,AnishPanda2016,872,2023-07-10
23,AnishPanda2016,838,2023-07-11
24,AnishPanda2016,810,2023-07-13
25,AnishPanda2016,811,2023-07-17
26,AnishPanda2016,820,2023-07-18
27,AnishPanda2016,855,2023-07-22
28,AnishPanda2016,888,2023-07-23
29,AnishPanda2016,948,2023-07-24
30,AnishPanda2016,954,2023-07-25
31,AnishPanda2016,983,2023-07-31
32,AnishPanda2016,1003,2023-08-01
33,AnishPanda2016,999,2023-08-04
34,AnishPanda2016,1012,2023-08-05
35,AnishPanda2016,1027,2023-08-06
36,AnishPanda2016,1073,2023-08-07
37,AnishPanda2016,1097,2023-08-08
38,AnishPanda2016,1120,2023-08-09
39,AnishPanda2016,1140,2023-08-10
40,AnishPanda2016,1164,2023-08-11
41,AnishPanda2016,1169,2023-08-12
42,AnishPanda2016,1175,2023-08-14
43,AnishPanda2016,1177,2023-08-15
44,AnishPanda2016,1182,2023-08-16
45,AnishPanda2016,1204,2023-08-17
46,AnishPanda2016,1211,2023-08-18
47,AnishPanda2016,1198,2023-08-19
48,AnishPanda2016,1210,2023-08-20
49,AnishPanda2016,1228,2023-08-23
50,AnishPanda2016,1236,2023-08-25
51,AnishPanda2016,1244,2023-08-26
52,AnishPanda2016,1232,2023-08-27
53,AnishPanda2016,1242,2023-08-29
54,AnishPanda2016,1240,2023-08-30
55,AnishPanda2016,1250,2023-09-02
56,AnishPanda2016,1255,2023-09-04
57,AnishPanda2016,1260,2023-09-05
58,AnishPanda2016,1266,2023-09-06
59,AnishPanda2016,1259,2023-09-08
60,AnishPanda2016,1264,2023-09-09
61,AnishPanda2016,1271,2023-09-13
62,AnishPanda2016,1259,2023-09-14
63,AnishPanda2016,1248,2023-09-15
64,AnishPanda2016,1250,2023-09-16
65,AnishPanda2016,1258,2023-09-17
66,AnishPanda2016,1253,2023-09-18
67,AnishPanda2016,1264,2023-09-24
68,AnishPanda2016,1250,2023-09-29
69,AnishPanda2016,1251,2023-09-30
70,AnishPanda2016,1209,2023-10-01
71,AnishPanda2016,1211,2023-10-05
72,AnishPanda2016,1216,2023-10-06
73,AnishPanda2016,1206,2023-10-07
74,AnishPanda2016,1217,2023-10-08
75,AnishPanda2016,1220,2023-10-09
76,AnishPanda2016,1232,2023-10-10
77,AnishPanda2016,1215,2023-10-13
78,AnishPanda2016,1221,2023-10-14
79,AnishPanda2016,1243,2023-10-16
80,AnishPanda2016,1240,2023-10-17
81,AnishPanda2016,1230,2023-10-18
82,AnishPanda2016,1237,2023-10-20
83,AnishPanda2016,1232,2023-10-21
84,AnishPanda2016,1240,2023-10-26
85,AnishPanda2016,1235,2023-10-29
86,AnishPanda2016,1248,2023-11-03
87,AnishPanda2016,1243,2023-11-04
88,AnishPanda2016,1265,2023-11-05
89,AnishPanda2016,1272,2023-11-07
90,AnishPanda2016,1279,2023-11-08
91,AnishPanda2016,1274,2023-11-09
92,AnishPanda2016,1268,2023-11-10
93,AnishPanda2016,1255,2023-11-12
94,AnishPanda2016,1262,2023-11-15
95,AnishPanda2016,1262,2023-11-17
96,AnishPanda2016,1249,2023-11-20
97,AnishPanda2016,1253,2023-11-23
98,AnishPanda2016,1271,2023-11-26
0,SamuelTorrres,1387,2021-02-04
1,SamuelTorrres,1232,2021-02-08
2,SamuelTorrres,1046,2021-02-09
3,SamuelTorrres,1013,2021-02-10
4,SamuelTorrres,972,2021-02-11
5,SamuelTorrres,938,2021-02-15
6,SamuelTorrres,904,2021-02-17
7,SamuelTorrres,885,2021-02-18
8,SamuelTorrres,875,2021-02-19
9,SamuelTorrres,883,2021-02-22
10,SamuelTorrres,897,2021-02-23
11,SamuelTorrres,893,2021-02-24
12,SamuelTorrres,904,2021-02-26
13,SamuelTorrres,912,2021-03-01
14,SamuelTorrres,883,2021-03-02
15,SamuelTorrres,895,2021-03-05
16,SamuelTorrres,915,2021-03-11
17,SamuelTorrres,919,2021-03-15
18,SamuelTorrres,903,2021-03-16
19,SamuelTorrres,930,2021-04-08
20,SamuelTorrres,942,2021-04-12
21,SamuelTorrres,958,2021-04-13
22,SamuelTorrres,973,2021-04-19
23,SamuelTorrres,998,2021-04-20
24,SamuelTorrres,964,2021-04-21
25,SamuelTorrres,964,2021-04-22
26,SamuelTorrres,975,2021-04-23
27,SamuelTorrres,969,2021-04-28
28,SamuelTorrres,953,2021-04-29
29,SamuelTorrres,962,2021-04-30
30,SamuelTorrres,969,2021-05-04
31,SamuelTorrres,980,2021-05-05
32,SamuelTorrres,977,2021-05-20
33,SamuelTorrres,998,2021-05-24
34,SamuelTorrres,969,2021-10-31
35,SamuelTorrres,1032,2021-11-03
36,SamuelTorrres,1026,2021-11-04
37,SamuelTorrres,968,2022-07-02
38,SamuelTorrres,1021,2022-09-18
39,SamuelTorrres,1077,2022-10-12
40,SamuelTorrres,1141,2022-10-26
41,SamuelTorrres,1145,2022-12-22
42,SamuelTorrres,1131,2023-02-20
43,SamuelTorrres,1086,2023-02-22
44,SamuelTorrres,1094,2023-03-04
45,SamuelTorrres,1092,2023-03-05
46,SamuelTorrres,1049,2023-03-06
47,SamuelTorrres,1048,2023-03-15
48,SamuelTorrres,1039,2023-03-23
49,SamuelTorrres,1056,2023-04-11
50,SamuelTorrres,1074,2023-04-13
51,SamuelTorrres,1090,2023-04-15
52,SamuelTorrres,1096,2023-04-16
53,SamuelTorrres,1125,2023-04-26
54,SamuelTorrres,1112,2023-05-03
55,SamuelTorrres,1127,2023-06-07
56,SamuelTorrres,1178,2023-07-22
57,SamuelTorrres,1199,2023-07-23
58,SamuelTorrres,1248,2023-09-09
0,Melag,1445,2020-09-30
1,Melag,1706,2020-10-03
2,Melag,1867,2020-10-05
3,Melag,1785,2020-10-11
4,Melag,1819,2020-10-13
5,Melag,1765,2020-10-22
6,Melag,1759,2020-10-26
7,Melag,1773,2020-10-31
8,Melag,1759,2020-11-01
9,Melag,1732,2020-11-04
10,Melag,1765,2020-11-08
11,Melag,1741,2020-11-09
12,Melag,1727,2020-11-15
13,Melag,1711,2020-11-18
14,Melag,1694,2020-11-25
15,Melag,1717,2020-11-27
16,Melag,1728,2020-11-28
17,Melag,1722,2020-11-30
18,Melag,1711,2020-12-06
19,Melag,1701,2020-12-19
20,Melag,1732,2020-12-22
21,Melag,1716,2020-12-25
22,Melag,1706,2020-12-26
23,Melag,1712,2020-12-29
24,Melag,1734,2020-12-30
25,Melag,1727,2020-12-31
26,Melag,1738,2021-01-01
27,Melag,1797,2021-01-05
28,Melag,1806,2021-01-08
29,Melag,1798,2021-01-11
30,Melag,1783,2021-01-19
31,Melag,1798,2021-01-26
32,Melag,1800,2021-01-28
33,Melag,1814,2021-01-31
34,Melag,1833,2021-02-02
35,Melag,1830,2021-02-05
36,Melag,1822,2021-02-07
37,Melag,1811,2021-02-08
38,Melag,1836,2021-02-09
39,Melag,1853,2021-02-25
40,Melag,1861,2021-02-26
41,Melag,1851,2021-02-27
42,Melag,1865,2021-03-01
43,Melag,1856,2021-03-02
44,Melag,1848,2021-03-03
45,Melag,1839,2021-03-10
46,Melag,1850,2021-03-11
47,Melag,1839,2021-03-26
48,Melag,1845,2021-03-27
49,Melag,1863,2021-04-04
50,Melag,1922,2021-04-07
51,Melag,1924,2021-04-09
52,Melag,1914,2021-04-13
53,Melag,1947,2021-08-03
54,Melag,1913,2021-10-11
55,Melag,1882,2021-10-19
56,Melag,1867,2022-12-31
57,Melag,1816,2023-01-05
58,Melag,1781,2023-01-10
59,Melag,1869,2023-01-17
60,Melag,1895,2023-01-19
61,Melag,1900,2023-01-20
62,Melag,1883,2023-01-21
63,Melag,1836,2023-01-24
64,Melag,1864,2023-01-26
65,Melag,1886,2023-01-28
66,Melag,1847,2023-01-29
67,Melag,1840,2023-01-31
68,Melag,1865,2023-02-01
69,Melag,1885,2023-02-02
70,Melag,1872,2023-02-04
71,Melag,1876,2023-02-05
72,Melag,1867,2023-02-06
73,Melag,1855,2023-02-11
74,Melag,1836,2023-02-17
75,Melag,1848,2023-02-23
76,Melag,1836,2023-03-03
77,Melag,1847,2023-03-04
78,Melag,1830,2023-03-21
79,Melag,1789,2023-04-22
80,Melag,1795,2023-05-08
81,Melag,1813,2023-05-09
82,Melag,1833,2023-05-12
83,Melag,1815,2023-05-20
84,Melag,1801,2023-05-30
85,Melag,1734,2023-09-03
86,Melag,1691,2023-09-16
87,Melag,1674,2023-09-18
88,Melag,1638,2023-09-20
89,Melag,1659,2023-09-21
90,Melag,1635,2023-09-22
91,Melag,1620,2023-09-24
92,Melag,1643,2023-09-25
93,Melag,1625,2023-09-26
94,Melag,1612,2023-10-03
95,Melag,1600,2023-10-04
96,Melag,1592,2023-10-15
97,Melag,1584,2023-10-22
98,Melag,1575,2023-10-25
99,Melag,1563,2023-10-31
100,Melag,1546,2023-11-02
101,Melag,1581,2023-11-04
102,Melag,1598,2023-11-08
103,Melag,1611,2023-11-10
0,AZ_ultra1901,1327,2019-04-12
1,AZ_ultra1901,1196,2019-04-13
2,AZ_ultra1901,1163,2019-04-15
3,AZ_ultra1901,1096,2019-04-20
4,AZ_ultra1901,1175,2019-04-22
5,AZ_ultra1901,1184,2019-04-23
6,AZ_ultra1901,1227,2019-04-24
7,AZ_ultra1901,1155,2019-04-29
8,AZ_ultra1901,1164,2019-05-01
9,AZ_ultra1901,1202,2019-05-02
10,AZ_ultra1901,1153,2019-05-03
11,AZ_ultra1901,1165,2019-05-04
12,AZ_ultra1901,1167,2019-05-06
13,AZ_ultra1901,1248,2019-05-07
14,AZ_ultra1901,1310,2019-05-08
15,AZ_ultra1901,1258,2019-05-09
16,AZ_ultra1901,1189,2019-05-10
17,AZ_ultra1901,1174,2019-05-11
18,AZ_ultra1901,1173,2019-05-13
19,AZ_ultra1901,1179,2019-05-14
20,AZ_ultra1901,1160,2019-05-15
21,AZ_ultra1901,1151,2019-05-16
22,AZ_ultra1901,1094,2019-05-17
23,AZ_ultra1901,1109,2019-05-21
24,AZ_ultra1901,1155,2019-05-26
25,AZ_ultra1901,1180,2019-05-27
26,AZ_ultra1901,1175,2019-05-28
27,AZ_ultra1901,1180,2019-05-29
28,AZ_ultra1901,1185,2019-05-30
29,AZ_ultra1901,1210,2019-05-31
30,AZ_ultra1901,1220,2019-06-01
31,AZ_ultra1901,1202,2019-06-04
32,AZ_ultra1901,1223,2019-06-05
33,AZ_ultra1901,1219,2019-06-13
34,AZ_ultra1901,1206,2019-06-17
35,AZ_ultra1901,1196,2019-06-24
36,AZ_ultra1901,1211,2019-07-17
37,AZ_ultra1901,1210,2019-07-18
38,AZ_ultra1901,1219,2019-07-20
39,AZ_ultra1901,1208,2019-07-22
40,AZ_ultra1901,1201,2019-07-23
41,AZ_ultra1901,1206,2019-07-24
42,AZ_ultra1901,1210,2019-07-25
43,AZ_ultra1901,1190,2019-08-01
44,AZ_ultra1901,1211,2019-08-04
45,AZ_ultra1901,1199,2019-08-05
46,AZ_ultra1901,1186,2019-08-06
47,AZ_ultra1901,1177,2019-08-07
48,AZ_ultra1901,1160,2019-08-09
49,AZ_ultra1901,1189,2019-08-12
50,AZ_ultra1901,1197,2019-08-14
51,AZ_ultra1901,1176,2019-08-15
52,AZ_ultra1901,1167,2019-08-19
53,AZ_ultra1901,1177,2019-08-22
54,AZ_ultra1901,1196,2019-08-25
55,AZ_ultra1901,1185,2019-08-27
56,AZ_ultra1901,1176,2019-08-31
57,AZ_ultra1901,1168,2019-09-01
58,AZ_ultra1901,1167,2019-09-02
59,AZ_ultra1901,1192,2019-09-09
60,AZ_ultra1901,1178,2019-09-10
61,AZ_ultra1901,1212,2019-09-17
62,AZ_ultra1901,1219,2019-09-20
63,AZ_ultra1901,1247,2019-09-23
64,AZ_ultra1901,1239,2019-09-24
65,AZ_ultra1901,1234,2019-09-28
66,AZ_ultra1901,1243,2019-09-29
67,AZ_ultra1901,1242,2019-09-30
68,AZ_ultra1901,1220,2019-10-09
69,AZ_ultra1901,1243,2019-10-12
70,AZ_ultra1901,1236,2019-10-13
71,AZ_ultra1901,1231,2019-10-14
72,AZ_ultra1901,1249,2019-11-16
73,AZ_ultra1901,1257,2019-11-17
74,AZ_ultra1901,1264,2019-11-21
75,AZ_ultra1901,1298,2019-11-23
76,AZ_ultra1901,1289,2020-01-02
77,AZ_ultra1901,1327,2020-02-06
78,AZ_ultra1901,1344,2020-02-14
79,AZ_ultra1901,1310,2020-02-15
80,AZ_ultra1901,1303,2020-02-17
81,AZ_ultra1901,1352,2020-02-23
82,AZ_ultra1901,1340,2020-02-24
83,AZ_ultra1901,1348,2020-02-25
84,AZ_ultra1901,1334,2020-02-26
85,AZ_ultra1901,1340,2020-02-29
86,AZ_ultra1901,1349,2020-03-01
87,AZ_ultra1901,1348,2020-03-12
88,AZ_ultra1901,1362,2020-03-13
89,AZ_ultra1901,1351,2020-03-15
90,AZ_ultra1901,1345,2020-03-16
91,AZ_ultra1901,1355,2020-03-17
92,AZ_ultra1901,1339,2020-03-18
93,AZ_ultra1901,1335,2020-03-19
94,AZ_ultra1901,1314,2020-03-20
95,AZ_ultra1901,1323,2020-03-21
96,AZ_ultra1901,1312,2020-03-22
97,AZ_ultra1901,1331,2020-03-24
98,AZ_ultra1901,1333,2020-03-25
99,AZ_ultra1901,1339,2020-03-26
100,AZ_ultra1901,1328,2020-03-29
101,AZ_ultra1901,1329,2020-04-01
102,AZ_ultra1901,1336,2020-04-02
103,AZ_ultra1901,1353,2020-04-03
104,AZ_ultra1901,1357,2020-04-04
105,AZ_ultra1901,1362,2020-04-05
106,AZ_ultra1901,1401,2020-04-06
107,AZ_ultra1901,1389,2020-04-07
108,AZ_ultra1901,1366,2020-04-08
109,AZ_ultra1901,1376,2020-04-09
110,AZ_ultra1901,1347,2020-04-10
111,AZ_ultra1901,1352,2020-04-12
112,AZ_ultra1901,1331,2020-04-13
113,AZ_ultra1901,1372,2020-04-14
114,AZ_ultra1901,1408,2020-04-15
115,AZ_ultra1901,1397,2020-04-16
116,AZ_ultra1901,1375,2020-04-17
117,AZ_ultra1901,1336,2020-04-18
118,AZ_ultra1901,1347,2020-04-19
119,AZ_ultra1901,1380,2020-04-20
120,AZ_ultra1901,1380,2020-04-21
121,AZ_ultra1901,1395,2020-04-22
122,AZ_ultra1901,1409,2020-04-24
123,AZ_ultra1901,1405,2020-04-25
124,AZ_ultra1901,1428,2020-04-26
125,AZ_ultra1901,1434,2020-04-27
126,AZ_ultra1901,1481,2020-04-28
127,AZ_ultra1901,1473,2020-04-29
128,AZ_ultra1901,1471,2020-04-30
129,AZ_ultra1901,1454,2020-05-01
130,AZ_ultra1901,1468,2020-05-04
131,AZ_ultra1901,1429,2020-05-05
132,AZ_ultra1901,1419,2020-05-06
133,AZ_ultra1901,1415,2020-05-07
134,AZ_ultra1901,1421,2020-05-08
135,AZ_ultra1901,1446,2020-05-09
136,AZ_ultra1901,1464,2020-05-12
137,AZ_ultra1901,1491,2020-05-13
138,AZ_ultra1901,1473,2020-05-14
139,AZ_ultra1901,1478,2020-05-15
140,AZ_ultra1901,1462,2020-05-16
141,AZ_ultra1901,1456,2020-05-17
142,AZ_ultra1901,1445,2020-05-18
143,AZ_ultra1901,1439,2020-05-19
144,AZ_ultra1901,1456,2020-05-20
145,AZ_ultra1901,1450,2020-05-21
146,AZ_ultra1901,1460,2020-05-22
147,AZ_ultra1901,1484,2020-05-23
148,AZ_ultra1901,1479,2020-05-24
149,AZ_ultra1901,1491,2020-05-25
150,AZ_ultra1901,1491,2020-05-26
151,AZ_ultra1901,1514,2020-05-27
152,AZ_ultra1901,1495,2020-05-28
153,AZ_ultra1901,1504,2020-05-29
154,AZ_ultra1901,1485,2020-05-30
155,AZ_ultra1901,1479,2020-05-31
156,AZ_ultra1901,1482,2020-06-01
157,AZ_ultra1901,1490,2020-06-02
158,AZ_ultra1901,1481,2020-06-03
159,AZ_ultra1901,1475,2020-06-04
160,AZ_ultra1901,1471,2020-06-05
161,AZ_ultra1901,1466,2020-06-06
162,AZ_ultra1901,1472,2020-06-07
163,AZ_ultra1901,1456,2020-06-08
164,AZ_ultra1901,1433,2020-06-09
165,AZ_ultra1901,1447,2020-06-10
166,AZ_ultra1901,1453,2020-06-11
167,AZ_ultra1901,1456,2020-06-12
168,AZ_ultra1901,1456,2020-06-13
169,AZ_ultra1901,1477,2020-06-14
170,AZ_ultra1901,1465,2020-06-15
171,AZ_ultra1901,1460,2020-06-16
172,AZ_ultra1901,1441,2020-06-17
173,AZ_ultra1901,1461,2020-06-18
174,AZ_ultra1901,1472,2020-06-19
175,AZ_ultra1901,1474,2020-06-20
176,AZ_ultra1901,1467,2020-06-21
177,AZ_ultra1901,1467,2020-06-22
178,AZ_ultra1901,1477,2020-06-23
179,AZ_ultra1901,1510,2020-06-24
180,AZ_ultra1901,1534,2020-06-25
181,AZ_ultra1901,1553,2020-06-26
182,AZ_ultra1901,1497,2020-06-27
183,AZ_ultra1901,1489,2020-06-28
184,AZ_ultra1901,1495,2020-06-29
185,AZ_ultra1901,1465,2020-06-30
186,AZ_ultra1901,1478,2020-07-01
187,AZ_ultra1901,1474,2020-07-02
188,AZ_ultra1901,1484,2020-07-03
189,AZ_ultra1901,1483,2020-07-04
190,AZ_ultra1901,1494,2020-07-06
191,AZ_ultra1901,1486,2020-07-07
192,AZ_ultra1901,1510,2020-07-08
193,AZ_ultra1901,1529,2020-07-09
194,AZ_ultra1901,1482,2020-07-10
195,AZ_ultra1901,1481,2020-07-11
196,AZ_ultra1901,1470,2020-07-12
197,AZ_ultra1901,1477,2020-07-13
198,AZ_ultra1901,1491,2020-07-14
199,AZ_ultra1901,1509,2020-07-15
200,AZ_ultra1901,1516,2020-07-16
201,AZ_ultra1901,1518,2020-07-17
202,AZ_ultra1901,1516,2020-07-18
203,AZ_ultra1901,1528,2020-07-19
204,AZ_ultra1901,1534,2020-07-20
205,AZ_ultra1901,1515,2020-07-21
206,AZ_ultra1901,1512,2020-07-22
207,AZ_ultra1901,1528,2020-07-23
208,AZ_ultra1901,1554,2020-07-24
209,AZ_ultra1901,1550,2020-07-25
210,AZ_ultra1901,1541,2020-07-26
211,AZ_ultra1901,1566,2020-07-27
212,AZ_ultra1901,1563,2020-07-29
213,AZ_ultra1901,1576,2020-07-30
214,AZ_ultra1901,1558,2020-07-31
215,AZ_ultra1901,1564,2020-08-01
216,AZ_ultra1901,1551,2020-08-05
217,AZ_ultra1901,1557,2020-08-07
218,AZ_ultra1901,1553,2020-08-08
219,AZ_ultra1901,1542,2020-08-09
220,AZ_ultra1901,1536,2020-08-10
221,AZ_ultra1901,1542,2020-08-11
222,AZ_ultra1901,1548,2020-08-13
223,AZ_ultra1901,1537,2020-08-14
224,AZ_ultra1901,1531,2020-08-15
225,AZ_ultra1901,1521,2020-08-18
226,AZ_ultra1901,1506,2020-08-19
227,AZ_ultra1901,1491,2020-08-20
228,AZ_ultra1901,1492,2020-08-21
229,AZ_ultra1901,1497,2020-08-22
230,AZ_ultra1901,1503,2020-08-24
231,AZ_ultra1901,1498,2020-08-25
232,AZ_ultra1901,1504,2020-08-26
233,AZ_ultra1901,1518,2020-08-27
234,AZ_ultra1901,1524,2020-08-28
235,AZ_ultra1901,1544,2020-08-29
236,AZ_ultra1901,1534,2020-08-30
237,AZ_ultra1901,1537,2020-08-31
238,AZ_ultra1901,1523,2020-09-01
239,AZ_ultra1901,1529,2020-09-02
240,AZ_ultra1901,1550,2020-09-03
241,AZ_ultra1901,1568,2020-09-06
242,AZ_ultra1901,1569,2020-09-07
243,AZ_ultra1901,1590,2020-09-08
244,AZ_ultra1901,1572,2020-09-09
245,AZ_ultra1901,1580,2020-09-10
246,AZ_ultra1901,1582,2020-09-11
247,AZ_ultra1901,1598,2020-09-12
248,AZ_ultra1901,1591,2020-09-13
249,AZ_ultra1901,1592,2020-09-14
250,AZ_ultra1901,1587,2020-09-15
251,AZ_ultra1901,1561,2020-09-16
252,AZ_ultra1901,1567,2020-09-17
253,AZ_ultra1901,1573,2020-09-18
254,AZ_ultra1901,1570,2020-09-20
255,AZ_ultra1901,1569,2020-09-21
256,AZ_ultra1901,1585,2020-09-22
257,AZ_ultra1901,1593,2020-09-23
258,AZ_ultra1901,1595,2020-09-24
259,AZ_ultra1901,1601,2020-09-25
260,AZ_ultra1901,1607,2020-09-26
261,AZ_ultra1901,1632,2020-09-27
262,AZ_ultra1901,1633,2020-09-28
263,AZ_ultra1901,1677,2020-09-29
264,AZ_ultra1901,1706,2020-09-30
265,AZ_ultra1901,1696,2020-10-01
266,AZ_ultra1901,1722,2020-10-02
267,AZ_ultra1901,1706,2020-10-03
268,AZ_ultra1901,1689,2020-10-04
269,AZ_ultra1901,1678,2020-10-05
270,AZ_ultra1901,1648,2020-10-06
271,AZ_ultra1901,1670,2020-10-07
272,AZ_ultra1901,1660,2020-10-08
273,AZ_ultra1901,1665,2020-10-09
274,AZ_ultra1901,1639,2020-10-10
275,AZ_ultra1901,1645,2020-10-11
276,AZ_ultra1901,1623,2020-10-12
277,AZ_ultra1901,1622,2020-10-13
278,AZ_ultra1901,1600,2020-10-14
279,AZ_ultra1901,1594,2020-10-15
280,AZ_ultra1901,1584,2020-10-16
281,AZ_ultra1901,1620,2020-10-17
282,AZ_ultra1901,1615,2020-10-19
283,AZ_ultra1901,1634,2020-10-21
284,AZ_ultra1901,1688,2020-10-22
285,AZ_ultra1901,1709,2020-10-23
286,AZ_ultra1901,1716,2020-10-24
287,AZ_ultra1901,1720,2020-10-25
288,AZ_ultra1901,1704,2020-10-26
289,AZ_ultra1901,1670,2020-10-27
290,AZ_ultra1901,1667,2020-10-28
291,AZ_ultra1901,1662,2020-10-29
292,AZ_ultra1901,1669,2020-10-30
293,AZ_ultra1901,1641,2020-10-31
294,AZ_ultra1901,1635,2020-11-01
295,AZ_ultra1901,1609,2020-11-03
296,AZ_ultra1901,1597,2020-11-04
297,AZ_ultra1901,1608,2020-11-05
298,AZ_ultra1901,1619,2020-11-06
299,AZ_ultra1901,1604,2020-11-07
300,AZ_ultra1901,1617,2020-11-08
301,AZ_ultra1901,1636,2020-11-09
302,AZ_ultra1901,1629,2020-11-10
303,AZ_ultra1901,1617,2020-11-11
304,AZ_ultra1901,1607,2020-11-12
305,AZ_ultra1901,1621,2020-11-13
306,AZ_ultra1901,1597,2020-11-14
307,AZ_ultra1901,1593,2020-11-15
308,AZ_ultra1901,1563,2020-11-16
309,AZ_ultra1901,1554,2020-11-17
310,AZ_ultra1901,1560,2020-11-18
311,AZ_ultra1901,1585,2020-11-19
312,AZ_ultra1901,1575,2020-11-20
313,AZ_ultra1901,1590,2020-11-22
314,AZ_ultra1901,1617,2020-11-24
315,AZ_ultra1901,1632,2020-11-25
316,AZ_ultra1901,1614,2020-11-26
317,AZ_ultra1901,1615,2020-11-27
318,AZ_ultra1901,1615,2020-11-28
319,AZ_ultra1901,1614,2020-11-29
320,AZ_ultra1901,1607,2020-11-30
321,AZ_ultra1901,1611,2020-12-01
322,AZ_ultra1901,1597,2020-12-02
323,AZ_ultra1901,1592,2020-12-03
324,AZ_ultra1901,1619,2020-12-04
325,AZ_ultra1901,1602,2020-12-05
326,AZ_ultra1901,1607,2020-12-06
327,AZ_ultra1901,1601,2020-12-07
328,AZ_ultra1901,1603,2020-12-08
329,AZ_ultra1901,1594,2020-12-09
330,AZ_ultra1901,1594,2020-12-10
331,AZ_ultra1901,1592,2020-12-11
332,AZ_ultra1901,1572,2020-12-12
333,AZ_ultra1901,1566,2020-12-13
334,AZ_ultra1901,1567,2020-12-14
335,AZ_ultra1901,1579,2020-12-15
336,AZ_ultra1901,1575,2020-12-16
337,AZ_ultra1901,1555,2020-12-17
338,AZ_ultra1901,1557,2020-12-18
339,AZ_ultra1901,1533,2020-12-19
340,AZ_ultra1901,1558,2020-12-20
341,AZ_ultra1901,1548,2020-12-21
342,AZ_ultra1901,1555,2020-12-22
343,AZ_ultra1901,1569,2020-12-23
344,AZ_ultra1901,1578,2020-12-24
345,AZ_ultra1901,1575,2020-12-25
346,AZ_ultra1901,1568,2020-12-26
347,AZ_ultra1901,1572,2020-12-28
348,AZ_ultra1901,1561,2020-12-29
349,AZ_ultra1901,1559,2020-12-30
350,AZ_ultra1901,1549,2020-12-31
351,AZ_ultra1901,1555,2021-01-01
352,AZ_ultra1901,1562,2021-01-02
353,AZ_ultra1901,1594,2021-01-03
354,AZ_ultra1901,1593,2021-01-04
355,AZ_ultra1901,1602,2021-01-05
356,AZ_ultra1901,1629,2021-01-06
357,AZ_ultra1901,1618,2021-01-07
358,AZ_ultra1901,1634,2021-01-08
359,AZ_ultra1901,1629,2021-01-09
360,AZ_ultra1901,1623,2021-01-10
361,AZ_ultra1901,1631,2021-01-11
362,AZ_ultra1901,1617,2021-01-12
363,AZ_ultra1901,1621,2021-01-13
364,AZ_ultra1901,1611,2021-01-14
365,AZ_ultra1901,1630,2021-01-15
366,AZ_ultra1901,1625,2021-01-17
367,AZ_ultra1901,1631,2021-01-19
368,AZ_ultra1901,1631,2021-01-21
369,AZ_ultra1901,1620,2021-01-22
370,AZ_ultra1901,1621,2021-01-24
371,AZ_ultra1901,1645,2021-01-26
372,AZ_ultra1901,1646,2021-01-27
373,AZ_ultra1901,1656,2021-01-28
374,AZ_ultra1901,1664,2021-01-29
375,AZ_ultra1901,1680,2021-01-30
376,AZ_ultra1901,1675,2021-01-31
377,AZ_ultra1901,1683,2021-02-01
378,AZ_ultra1901,1692,2021-02-02
379,AZ_ultra1901,1690,2021-02-03
380,AZ_ultra1901,1679,2021-02-04
381,AZ_ultra1901,1680,2021-02-05
382,AZ_ultra1901,1698,2021-02-06
383,AZ_ultra1901,1698,2021-02-07
384,AZ_ultra1901,1681,2021-02-08
385,AZ_ultra1901,1672,2021-02-09
386,AZ_ultra1901,1653,2021-02-10
387,AZ_ultra1901,1648,2021-02-11
388,AZ_ultra1901,1645,2021-02-12
389,AZ_ultra1901,1658,2021-02-13
390,AZ_ultra1901,1647,2021-02-14
391,AZ_ultra1901,1633,2021-02-15
392,AZ_ultra1901,1635,2021-02-16
393,AZ_ultra1901,1646,2021-02-17
394,AZ_ultra1901,1623,2021-02-18
395,AZ_ultra1901,1618,2021-02-19
396,AZ_ultra1901,1614,2021-02-22
397,AZ_ultra1901,1631,2021-02-23
398,AZ_ultra1901,1638,2021-02-24
399,AZ_ultra1901,1651,2021-02-25
400,AZ_ultra1901,1636,2021-02-26
401,AZ_ultra1901,1648,2021-02-27
402,AZ_ultra1901,1636,2021-02-28
403,AZ_ultra1901,1626,2021-03-01
404,AZ_ultra1901,1626,2021-03-02
405,AZ_ultra1901,1633,2021-03-03
406,AZ_ultra1901,1613,2021-03-04
407,AZ_ultra1901,1603,2021-03-05
408,AZ_ultra1901,1610,2021-03-06
409,AZ_ultra1901,1615,2021-03-07
410,AZ_ultra1901,1609,2021-03-08
411,AZ_ultra1901,1590,2021-03-09
412,AZ_ultra1901,1592,2021-03-10
413,AZ_ultra1901,1606,2021-03-11
414,AZ_ultra1901,1600,2021-03-12
415,AZ_ultra1901,1605,2021-03-13
416,AZ_ultra1901,1604,2021-03-14
417,AZ_ultra1901,1604,2021-03-15
418,AZ_ultra1901,1611,2021-03-16
419,AZ_ultra1901,1617,2021-03-17
420,AZ_ultra1901,1656,2021-03-18
421,AZ_ultra1901,1658,2021-03-19
422,AZ_ultra1901,1653,2021-03-20
423,AZ_ultra1901,1696,2021-03-21
424,AZ_ultra1901,1688,2021-03-22
425,AZ_ultra1901,1661,2021-03-23
426,AZ_ultra1901,1654,2021-03-24
427,AZ_ultra1901,1635,2021-03-25
428,AZ_ultra1901,1627,2021-03-26
429,AZ_ultra1901,1633,2021-03-27
430,AZ_ultra1901,1627,2021-03-28
431,AZ_ultra1901,1624,2021-03-29
432,AZ_ultra1901,1601,2021-03-30
433,AZ_ultra1901,1589,2021-03-31
434,AZ_ultra1901,1583,2021-04-01
435,AZ_ultra1901,1596,2021-04-02
436,AZ_ultra1901,1588,2021-04-03
437,AZ_ultra1901,1582,2021-04-04
438,AZ_ultra1901,1581,2021-04-05
439,AZ_ultra1901,1564,2021-04-06
440,AZ_ultra1901,1578,2021-04-07
441,AZ_ultra1901,1586,2021-04-08
442,AZ_ultra1901,1608,2021-04-09
443,AZ_ultra1901,1601,2021-04-10
444,AZ_ultra1901,1621,2021-04-11
445,AZ_ultra1901,1617,2021-04-12
446,AZ_ultra1901,1606,2021-04-13
447,AZ_ultra1901,1623,2021-04-14
448,AZ_ultra1901,1642,2021-04-15
449,AZ_ultra1901,1649,2021-04-16
450,AZ_ultra1901,1649,2021-04-17
451,AZ_ultra1901,1642,2021-04-18
452,AZ_ultra1901,1680,2021-04-19
453,AZ_ultra1901,1681,2021-04-20
454,AZ_ultra1901,1663,2021-04-21
455,AZ_ultra1901,1659,2021-04-22
456,AZ_ultra1901,1648,2021-04-23
457,AZ_ultra1901,1659,2021-04-24
458,AZ_ultra1901,1665,2021-04-26
459,AZ_ultra1901,1640,2021-04-27
460,AZ_ultra1901,1630,2021-04-28
461,AZ_ultra1901,1632,2021-04-29
462,AZ_ultra1901,1648,2021-04-30
463,AZ_ultra1901,1672,2021-05-01
464,AZ_ultra1901,1684,2021-05-02
465,AZ_ultra1901,1678,2021-05-03
466,AZ_ultra1901,1675,2021-05-04
467,AZ_ultra1901,1675,2021-05-05
468,AZ_ultra1901,1674,2021-05-06
469,AZ_ultra1901,1685,2021-05-07
470,AZ_ultra1901,1685,2021-05-08
471,AZ_ultra1901,1704,2021-05-09
472,AZ_ultra1901,1705,2021-05-10
473,AZ_ultra1901,1715,2021-05-11
474,AZ_ultra1901,1727,2021-05-12
475,AZ_ultra1901,1721,2021-05-13
476,AZ_ultra1901,1716,2021-05-14
477,AZ_ultra1901,1740,2021-05-15
478,AZ_ultra1901,1734,2021-05-16
479,AZ_ultra1901,1731,2021-05-17
480,AZ_ultra1901,1738,2021-05-18
481,AZ_ultra1901,1723,2021-05-19
482,AZ_ultra1901,1720,2021-05-20
483,AZ_ultra1901,1703,2021-05-21
484,AZ_ultra1901,1688,2021-05-22
485,AZ_ultra1901,1688,2021-05-23
486,AZ_ultra1901,1683,2021-05-24
487,AZ_ultra1901,1696,2021-05-25
488,AZ_ultra1901,1707,2021-05-26
489,AZ_ultra1901,1702,2021-05-27
490,AZ_ultra1901,1697,2021-05-28
491,AZ_ultra1901,1702,2021-05-29
492,AZ_ultra1901,1703,2021-05-30
493,AZ_ultra1901,1685,2021-05-31
494,AZ_ultra1901,1691,2021-06-01
495,AZ_ultra1901,1701,2021-06-02
496,AZ_ultra1901,1701,2021-06-03
497,AZ_ultra1901,1737,2021-06-04
498,AZ_ultra1901,1746,2021-06-05
499,AZ_ultra1901,1746,2021-06-06
500,AZ_ultra1901,1734,2021-06-07
501,AZ_ultra1901,1734,2021-06-08
502,AZ_ultra1901,1749,2021-06-09
503,AZ_ultra1901,1748,2021-06-10
504,AZ_ultra1901,1774,2021-06-11
505,AZ_ultra1901,1768,2021-06-12
506,AZ_ultra1901,1771,2021-06-13
507,AZ_ultra1901,1783,2021-06-14
508,AZ_ultra1901,1784,2021-06-15
509,AZ_ultra1901,1777,2021-06-16
510,AZ_ultra1901,1824,2021-06-17
511,AZ_ultra1901,1814,2021-06-18
512,AZ_ultra1901,1776,2021-06-19
513,AZ_ultra1901,1773,2021-06-20
514,AZ_ultra1901,1797,2021-06-21
515,AZ_ultra1901,1773,2021-06-22
516,AZ_ultra1901,1806,2021-06-23
517,AZ_ultra1901,1802,2021-06-24
518,AZ_ultra1901,1823,2021-06-25
519,AZ_ultra1901,1831,2021-06-26
520,AZ_ultra1901,1823,2021-06-27
521,AZ_ultra1901,1824,2021-06-28
522,AZ_ultra1901,1807,2021-06-29
523,AZ_ultra1901,1762,2021-06-30
524,AZ_ultra1901,1746,2021-07-01
525,AZ_ultra1901,1765,2021-07-02
526,AZ_ultra1901,1759,2021-07-03
527,AZ_ultra1901,1804,2021-07-04
528,AZ_ultra1901,1830,2021-07-05
529,AZ_ultra1901,1815,2021-07-06
530,AZ_ultra1901,1823,2021-07-07
531,AZ_ultra1901,1875,2021-07-08
532,AZ_ultra1901,1859,2021-07-09
533,AZ_ultra1901,1847,2021-07-10
534,AZ_ultra1901,1824,2021-07-11
535,AZ_ultra1901,1784,2021-07-12
536,AZ_ultra1901,1774,2021-07-13
537,AZ_ultra1901,1780,2021-07-15
538,AZ_ultra1901,1782,2021-07-16
539,AZ_ultra1901,1787,2021-07-17
540,AZ_ultra1901,1782,2021-07-19
541,AZ_ultra1901,1796,2021-07-20
542,AZ_ultra1901,1821,2021-07-22
543,AZ_ultra1901,1793,2021-07-23
544,AZ_ultra1901,1791,2021-07-24
545,AZ_ultra1901,1791,2021-07-25
546,AZ_ultra1901,1767,2021-07-26
547,AZ_ultra1901,1792,2021-07-27
548,AZ_ultra1901,1804,2021-07-28
549,AZ_ultra1901,1797,2021-07-29
550,AZ_ultra1901,1798,2021-07-30
551,AZ_ultra1901,1793,2021-07-31
552,AZ_ultra1901,1789,2021-08-01
553,AZ_ultra1901,1778,2021-08-02
554,AZ_ultra1901,1769,2021-08-03
555,AZ_ultra1901,1753,2021-08-05
556,AZ_ultra1901,1776,2021-08-06
557,AZ_ultra1901,1802,2021-08-08
558,AZ_ultra1901,1821,2021-08-09
559,AZ_ultra1901,1848,2021-08-10
560,AZ_ultra1901,1860,2021-08-11
561,AZ_ultra1901,1859,2021-08-12
562,AZ_ultra1901,1852,2021-08-13
563,AZ_ultra1901,1842,2021-08-14
564,AZ_ultra1901,1837,2021-08-15
565,AZ_ultra1901,1823,2021-08-16
566,AZ_ultra1901,1814,2021-08-17
567,AZ_ultra1901,1795,2021-08-18
568,AZ_ultra1901,1810,2021-08-19
569,AZ_ultra1901,1806,2021-08-20
570,AZ_ultra1901,1798,2021-08-21
571,AZ_ultra1901,1817,2021-08-22
572,AZ_ultra1901,1811,2021-08-23
573,AZ_ultra1901,1831,2021-08-24
574,AZ_ultra1901,1827,2021-08-25
575,AZ_ultra1901,1837,2021-08-27
576,AZ_ultra1901,1828,2021-08-28
577,AZ_ultra1901,1823,2021-08-29
578,AZ_ultra1901,1829,2021-08-30
579,AZ_ultra1901,1844,2021-09-01
580,AZ_ultra1901,1873,2021-09-02
581,AZ_ultra1901,1863,2021-09-03
582,AZ_ultra1901,1856,2021-09-04
583,AZ_ultra1901,1870,2021-09-06
584,AZ_ultra1901,1918,2021-09-07
585,AZ_ultra1901,1898,2021-09-09
586,AZ_ultra1901,1886,2021-09-10
587,AZ_ultra1901,1868,2021-09-11
588,AZ_ultra1901,1873,2021-09-13
589,AZ_ultra1901,1876,2021-09-14
590,AZ_ultra1901,1892,2021-09-15
591,AZ_ultra1901,1897,2021-09-16
592,AZ_ultra1901,1887,2021-09-17
593,AZ_ultra1901,1895,2021-09-18
594,AZ_ultra1901,1900,2021-09-20
595,AZ_ultra1901,1909,2021-09-21
596,AZ_ultra1901,1903,2021-09-22
597,AZ_ultra1901,1911,2021-09-23
598,AZ_ultra1901,1895,2021-09-24
599,AZ_ultra1901,1885,2021-09-25
600,AZ_ultra1901,1853,2021-09-26
601,AZ_ultra1901,1815,2021-09-27
602,AZ_ultra1901,1803,2021-09-28
603,AZ_ultra1901,1791,2021-09-29
604,AZ_ultra1901,1806,2021-09-30
605,AZ_ultra1901,1811,2021-10-01
606,AZ_ultra1901,1803,2021-10-02
607,AZ_ultra1901,1804,2021-10-03
608,AZ_ultra1901,1810,2021-10-05
609,AZ_ultra1901,1816,2021-10-07
610,AZ_ultra1901,1824,2021-10-08
611,AZ_ultra1901,1829,2021-10-09
612,AZ_ultra1901,1835,2021-10-10
613,AZ_ultra1901,1817,2021-10-11
614,AZ_ultra1901,1829,2021-10-12
615,AZ_ultra1901,1829,2021-10-13
616,AZ_ultra1901,1823,2021-10-14
617,AZ_ultra1901,1820,2021-10-15
618,AZ_ultra1901,1809,2021-10-16
619,AZ_ultra1901,1825,2021-10-17
620,AZ_ultra1901,1815,2021-10-18
621,AZ_ultra1901,1826,2021-10-19
622,AZ_ultra1901,1822,2021-10-20
623,AZ_ultra1901,1834,2021-10-21
624,AZ_ultra1901,1833,2021-10-22
625,AZ_ultra1901,1833,2021-10-23
626,AZ_ultra1901,1840,2021-10-24
627,AZ_ultra1901,1846,2021-10-25
628,AZ_ultra1901,1832,2021-10-26
629,AZ_ultra1901,1832,2021-10-27
630,AZ_ultra1901,1808,2021-10-28
631,AZ_ultra1901,1813,2021-10-29
632,AZ_ultra1901,1787,2021-10-30
633,AZ_ultra1901,1777,2021-10-31
634,AZ_ultra1901,1778,2021-11-01
635,AZ_ultra1901,1765,2021-11-02
636,AZ_ultra1901,1760,2021-11-03
637,AZ_ultra1901,1735,2021-11-04
638,AZ_ultra1901,1742,2021-11-05
639,AZ_ultra1901,1737,2021-11-06
640,AZ_ultra1901,1743,2021-11-12
641,AZ_ultra1901,1750,2021-11-13
642,AZ_ultra1901,1755,2021-11-15
643,AZ_ultra1901,1761,2021-11-16
644,AZ_ultra1901,1771,2021-11-17
645,AZ_ultra1901,1779,2021-11-18
646,AZ_ultra1901,1818,2021-11-19
647,AZ_ultra1901,1825,2021-11-20
648,AZ_ultra1901,1841,2021-11-21
649,AZ_ultra1901,1835,2021-11-22
650,AZ_ultra1901,1862,2021-11-23
651,AZ_ultra1901,1882,2021-11-24
652,AZ_ultra1901,1877,2021-11-25
653,AZ_ultra1901,1878,2021-11-27
654,AZ_ultra1901,1872,2021-11-28
655,AZ_ultra1901,1868,2021-11-29
656,AZ_ultra1901,1871,2021-11-30
657,AZ_ultra1901,1857,2021-12-01
658,AZ_ultra1901,1858,2021-12-02
659,AZ_ultra1901,1837,2021-12-03
660,AZ_ultra1901,1806,2021-12-04
661,AZ_ultra1901,1787,2021-12-06
662,AZ_ultra1901,1785,2021-12-07
663,AZ_ultra1901,1780,2021-12-08
664,AZ_ultra1901,1781,2021-12-09
665,AZ_ultra1901,1811,2021-12-10
666,AZ_ultra1901,1802,2021-12-11
667,AZ_ultra1901,1785,2021-12-13
668,AZ_ultra1901,1785,2021-12-14
669,AZ_ultra1901,1779,2021-12-16
670,AZ_ultra1901,1782,2021-12-17
671,AZ_ultra1901,1777,2021-12-18
672,AZ_ultra1901,1794,2021-12-19
673,AZ_ultra1901,1791,2021-12-20
674,AZ_ultra1901,1786,2021-12-21
675,AZ_ultra1901,1819,2021-12-22
676,AZ_ultra1901,1818,2021-12-25
677,AZ_ultra1901,1823,2021-12-26
678,AZ_ultra1901,1824,2021-12-27
679,AZ_ultra1901,1813,2021-12-28
680,AZ_ultra1901,1793,2021-12-29
681,AZ_ultra1901,1786,2022-01-01
682,AZ_ultra1901,1790,2022-01-02
683,AZ_ultra1901,1798,2022-01-03
684,AZ_ultra1901,1804,2022-01-04
685,AZ_ultra1901,1827,2022-01-05
686,AZ_ultra1901,1821,2022-01-09
687,AZ_ultra1901,1816,2022-01-10
688,AZ_ultra1901,1822,2022-01-11
689,AZ_ultra1901,1817,2022-01-12
690,AZ_ultra1901,1829,2022-01-15
691,AZ_ultra1901,1853,2022-01-16
692,AZ_ultra1901,1853,2022-01-18
693,AZ_ultra1901,1837,2022-01-19
694,AZ_ultra1901,1836,2022-01-20
695,AZ_ultra1901,1837,2022-01-27
696,AZ_ultra1901,1836,2022-02-20
0,elgalgo72,1674,2019-06-03
1,elgalgo72,2034,2019-06-06
2,elgalgo72,2099,2019-06-07
3,elgalgo72,2124,2019-06-08
4,elgalgo72,2132,2019-06-09
5,elgalgo72,2147,2019-06-10
6,elgalgo72,2179,2019-06-11
7,elgalgo72,2195,2019-06-12
8,elgalgo72,2192,2019-06-13
9,elgalgo72,2163,2019-06-14
10,elgalgo72,2167,2019-06-15
11,elgalgo72,2201,2019-06-16
12,elgalgo72,2159,2019-06-17
13,elgalgo72,2149,2019-06-18
14,elgalgo72,2130,2019-06-19
15,elgalgo72,2125,2019-06-20
16,elgalgo72,2115,2019-06-29
17,elgalgo72,2136,2019-07-02
18,elgalgo72,2155,2019-07-10
19,elgalgo72,2146,2019-07-11
20,elgalgo72,2146,2019-07-12
21,elgalgo72,2158,2019-07-13
22,elgalgo72,2164,2019-08-02
23,elgalgo72,2156,2019-08-05
24,elgalgo72,2142,2019-08-25
25,elgalgo72,2161,2019-10-28
26,elgalgo72,2132,2020-01-18
27,elgalgo72,2109,2020-01-20
28,elgalgo72,2120,2020-01-29
29,elgalgo72,2128,2020-01-30
30,elgalgo72,2185,2020-02-01
31,elgalgo72,2164,2020-03-01
32,elgalgo72,2147,2020-03-30
33,elgalgo72,2133,2020-05-14
34,elgalgo72,2205,2020-07-03
35,elgalgo72,2217,2020-07-04
36,elgalgo72,2215,2020-07-25
37,elgalgo72,2229,2020-08-25
38,elgalgo72,2246,2020-08-29
39,elgalgo72,2199,2020-09-08
40,elgalgo72,2184,2020-09-19
41,elgalgo72,2219,2020-09-20
42,elgalgo72,2208,2020-09-28
43,elgalgo72,2205,2020-10-18
44,elgalgo72,2190,2020-10-28
45,elgalgo72,2178,2020-11-07
46,elgalgo72,2227,2020-11-08
47,elgalgo72,2225,2020-11-09
48,elgalgo72,2253,2020-11-16
49,elgalgo72,2264,2020-11-17
50,elgalgo72,2253,2020-11-18
51,elgalgo72,2240,2020-11-22
52,elgalgo72,2238,2020-11-29
53,elgalgo72,2260,2021-02-24
54,elgalgo72,2284,2021-02-26
55,elgalgo72,2291,2021-03-07
56,elgalgo72,2279,2021-03-11
57,elgalgo72,2303,2021-03-19
58,elgalgo72,2326,2021-04-02
59,elgalgo72,2315,2021-04-03
60,elgalgo72,2324,2021-04-05
61,elgalgo72,2312,2021-04-09
62,elgalgo72,2310,2021-05-27
63,elgalgo72,2320,2021-05-28
64,elgalgo72,2295,2021-05-29
65,elgalgo72,2279,2021-05-30
66,elgalgo72,2311,2021-06-12
67,elgalgo72,2358,2021-06-13
68,elgalgo72,2372,2021-06-19
69,elgalgo72,2387,2021-06-20
70,elgalgo72,2405,2021-06-21
71,elgalgo72,2364,2021-06-27
72,elgalgo72,2378,2021-06-29
73,elgalgo72,2353,2021-06-30
74,elgalgo72,2346,2021-07-02
75,elgalgo72,2353,2021-07-09
76,elgalgo72,2352,2021-07-11
77,elgalgo72,2345,2021-07-15
78,elgalgo72,2342,2021-07-17
79,elgalgo72,2339,2021-07-29
80,elgalgo72,2347,2021-08-08
81,elgalgo72,2344,2021-08-11
82,elgalgo72,2328,2021-08-15
83,elgalgo72,2349,2021-08-24
84,elgalgo72,2352,2021-08-27
85,elgalgo72,2346,2021-08-29
86,elgalgo72,2368,2021-09-04
87,elgalgo72,2351,2021-09-12
88,elgalgo72,2345,2021-09-20
89,elgalgo72,2348,2021-09-22
90,elgalgo72,2341,2021-09-23
91,elgalgo72,2328,2021-09-24
92,elgalgo72,2310,2021-09-25
93,elgalgo72,2305,2021-09-28
94,elgalgo72,2304,2021-10-01
95,elgalgo72,2324,2021-10-04
96,elgalgo72,2361,2021-10-11
97,elgalgo72,2349,2021-10-12
98,elgalgo72,2356,2021-10-13
99,elgalgo72,2353,2021-10-14
100,elgalgo72,2362,2021-10-19
101,elgalgo72,2355,2021-11-02
102,elgalgo72,2349,2021-11-03
103,elgalgo72,2334,2021-11-11
104,elgalgo72,2335,2021-11-12
105,elgalgo72,2341,2021-11-13
106,elgalgo72,2344,2021-11-15
107,elgalgo72,2360,2021-12-20
108,elgalgo72,2359,2021-12-26
109,elgalgo72,2351,2022-01-06
110,elgalgo72,2367,2022-01-14
111,elgalgo72,2341,2022-01-15
112,elgalgo72,2368,2022-01-16
113,elgalgo72,2377,2022-01-17
114,elgalgo72,2404,2022-01-18
115,elgalgo72,2403,2022-01-23
116,elgalgo72,2387,2022-01-24
117,elgalgo72,2379,2022-01-29
118,elgalgo72,2369,2022-01-30
119,elgalgo72,2401,2022-02-06
120,elgalgo72,2397,2022-02-14
121,elgalgo72,2393,2022-02-21
122,elgalgo72,2403,2022-02-28
123,elgalgo72,2406,2022-03-11
124,elgalgo72,2406,2022-03-12
125,elgalgo72,2386,2022-03-14
126,elgalgo72,2381,2022-03-17
127,elgalgo72,2372,2022-03-20
128,elgalgo72,2380,2022-03-28
129,elgalgo72,2372,2022-03-29
130,elgalgo72,2388,2022-04-04
131,elgalgo72,2390,2022-04-05
132,elgalgo72,2385,2022-04-06
133,elgalgo72,2377,2022-04-09
134,elgalgo72,2387,2022-04-13
135,elgalgo72,2379,2022-04-14
136,elgalgo72,2373,2022-04-15
137,elgalgo72,2372,2022-04-16
138,elgalgo72,2373,2022-04-17
139,elgalgo72,2366,2022-04-24
140,elgalgo72,2347,2022-04-28
141,elgalgo72,2325,2022-04-29
142,elgalgo72,2285,2022-05-08
143,elgalgo72,2277,2022-05-13
144,elgalgo72,2278,2022-05-15
145,elgalgo72,2275,2022-05-29
146,elgalgo72,2299,2022-05-30
147,elgalgo72,2301,2022-06-10
148,elgalgo72,2297,2022-06-15
149,elgalgo72,2289,2022-06-17
150,elgalgo72,2284,2022-06-26
151,elgalgo72,2275,2022-07-24
152,elgalgo72,2278,2022-07-25
153,elgalgo72,2285,2022-07-28
154,elgalgo72,2288,2022-07-29
155,elgalgo72,2316,2022-07-30
156,elgalgo72,2307,2022-07-31
157,elgalgo72,2297,2022-08-04
158,elgalgo72,2319,2022-08-06
159,elgalgo72,2328,2022-08-07
160,elgalgo72,2323,2022-08-09
161,elgalgo72,2323,2022-08-14
162,elgalgo72,2315,2022-08-19
163,elgalgo72,2324,2022-08-20
164,elgalgo72,2319,2022-08-21
165,elgalgo72,2320,2022-08-25
166,elgalgo72,2329,2022-08-28
167,elgalgo72,2333,2022-09-05
168,elgalgo72,2318,2022-09-11
169,elgalgo72,2312,2022-09-12
170,elgalgo72,2328,2022-09-18
171,elgalgo72,2328,2022-09-25
172,elgalgo72,2312,2022-10-09
173,elgalgo72,2307,2022-10-23
174,elgalgo72,2302,2022-11-12
175,elgalgo72,2300,2022-11-13
176,elgalgo72,2294,2022-11-20
177,elgalgo72,2300,2022-11-24
178,elgalgo72,2306,2022-12-31
179,elgalgo72,2315,2023-01-16
180,elgalgo72,2303,2023-02-18
181,elgalgo72,2314,2023-03-04
182,elgalgo72,2275,2023-03-05
183,elgalgo72,2268,2023-03-25
184,elgalgo72,2278,2023-04-08
185,elgalgo72,2265,2023-04-20
186,elgalgo72,2257,2023-04-30
187,elgalgo72,2273,2023-05-01
188,elgalgo72,2264,2023-05-13
189,elgalgo72,2246,2023-06-04
190,elgalgo72,2228,2023-06-18
191,elgalgo72,2229,2023-06-25
192,elgalgo72,2220,2023-07-10
193,elgalgo72,2211,2023-07-11
194,elgalgo72,2189,2023-07-12
195,elgalgo72,2176,2023-07-19
196,elgalgo72,2191,2023-07-20
197,elgalgo72,2180,2023-07-21
198,elgalgo72,2169,2023-07-22
199,elgalgo72,2164,2023-07-30
200,elgalgo72,2170,2023-07-31
201,elgalgo72,2186,2023-08-13
202,elgalgo72,2167,2023-08-14
203,elgalgo72,2160,2023-08-15
204,elgalgo72,2163,2023-09-02
205,elgalgo72,2164,2023-09-03
206,elgalgo72,2180,2023-09-04
207,elgalgo72,2207,2023-09-11
208,elgalgo72,2234,2023-09-12
209,elgalgo72,2222,2023-09-13
210,elgalgo72,2221,2023-09-14
211,elgalgo72,2226,2023-09-15
212,elgalgo72,2232,2023-09-17
213,elgalgo72,2227,2023-09-18
214,elgalgo72,2232,2023-09-23
215,elgalgo72,2256,2023-10-08
216,elgalgo72,2262,2023-10-09
217,elgalgo72,2264,2023-10-11
218,elgalgo72,2277,2023-10-14
219,elgalgo72,2277,2023-10-24
220,elgalgo72,2300,2023-10-28
221,elgalgo72,2292,2023-10-29
222,elgalgo72,2289,2023-10-30
223,elgalgo72,2286,2023-11-01
224,elgalgo72,2300,2023-11-02
225,elgalgo72,2312,2023-11-03
226,elgalgo72,2317,2023-11-04
227,elgalgo72,2307,2023-11-07
228,elgalgo72,2310,2023-11-08
229,elgalgo72,2310,2023-11-10
230,elgalgo72,2294,2023-11-11
231,elgalgo72,2289,2023-11-13
232,elgalgo72,2289,2023-11-17
233,elgalgo72,2276,2023-11-19
234,elgalgo72,2278,2023-11-20
235,elgalgo72,2291,2023-11-21
236,elgalgo72,2288,2023-11-24
237,elgalgo72,2278,2023-11-25
238,elgalgo72,2254,2023-11-26
239,elgalgo72,2286,2023-11-27
240,elgalgo72,2295,2023-11-29
241,elgalgo72,2300,2023-11-30
0,te989,1600,2020-06-02
1,te989,1669,2020-06-09
2,te989,1829,2020-06-14
3,te989,1872,2020-06-15
4,te989,1873,2020-06-16
5,te989,1841,2020-06-19
6,te989,1897,2020-06-20
7,te989,1917,2020-06-23
8,te989,1944,2020-06-25
9,te989,1950,2020-06-27
10,te989,1951,2020-07-07
11,te989,1968,2020-07-14
12,te989,1984,2020-07-17
13,te989,1988,2020-07-18
14,te989,1980,2020-07-19
15,te989,1977,2020-07-21
16,te989,1964,2020-07-23
17,te989,1955,2020-07-30
18,te989,1949,2020-07-31
19,te989,1943,2020-08-04
20,te989,1939,2020-08-05
21,te989,1953,2020-08-07
22,te989,1940,2020-08-08
23,te989,1941,2020-08-15
24,te989,1941,2020-08-29
25,te989,2003,2020-12-26
26,te989,2018,2021-01-25
27,te989,2052,2021-03-13
28,te989,2111,2021-03-14
29,te989,2114,2021-03-15
30,te989,2103,2021-03-21
31,te989,2113,2021-04-29
32,te989,2121,2021-05-21
33,te989,2150,2021-06-13
34,te989,2163,2021-07-05
35,te989,2171,2021-07-06
36,te989,2201,2021-07-15
37,te989,2218,2021-07-16
38,te989,2227,2021-07-25
39,te989,2239,2021-08-07
40,te989,2248,2021-08-24
41,te989,2257,2021-08-31
42,te989,2272,2021-10-20
43,te989,2231,2021-12-01
44,te989,2243,2021-12-02
45,te989,2260,2022-02-21
46,te989,2271,2022-02-23
47,te989,2293,2022-02-27
48,te989,2312,2022-04-14
49,te989,2314,2022-05-12
50,te989,2299,2022-06-25
51,te989,2332,2022-11-02
52,te989,2334,2022-11-10
53,te989,2308,2022-11-14
54,te989,2282,2022-11-17
55,te989,2303,2023-01-23
56,te989,2218,2023-02-16
57,te989,2252,2023-04-03
58,te989,2227,2023-05-07
59,te989,2220,2023-05-15
60,te989,2258,2023-07-09
61,te989,2250,2023-07-14
62,te989,2251,2023-07-15
63,te989,2260,2023-07-16
64,te989,2190,2023-07-17
65,te989,2194,2023-07-18
66,te989,2195,2023-07-19
67,te989,2189,2023-07-21
68,te989,2198,2023-07-23
69,te989,2201,2023-07-24
70,te989,2202,2023-07-29
71,te989,2202,2023-07-30
72,te989,2200,2023-07-31
73,te989,2202,2023-11-28
0,Adrian_Glez,2172,2021-10-13
1,Adrian_Glez,2256,2021-10-14
2,Adrian_Glez,2190,2021-10-16
3,Adrian_Glez,2209,2021-10-18
4,Adrian_Glez,2188,2021-10-25
5,Adrian_Glez,2178,2021-10-26
6,Adrian_Glez,2182,2021-10-29
7,Adrian_Glez,2190,2021-11-06
8,Adrian_Glez,2240,2021-11-18
9,Adrian_Glez,2214,2021-12-07
10,Adrian_Glez,2236,2021-12-09
11,Adrian_Glez,2232,2021-12-16
12,Adrian_Glez,2227,2021-12-18
13,Adrian_Glez,2215,2021-12-21
14,Adrian_Glez,2237,2021-12-22
15,Adrian_Glez,2251,2021-12-24
16,Adrian_Glez,2238,2021-12-26
17,Adrian_Glez,2222,2021-12-30
18,Adrian_Glez,2234,2022-01-01
19,Adrian_Glez,2231,2022-01-04
20,Adrian_Glez,2198,2022-01-05
21,Adrian_Glez,2210,2022-01-06
22,Adrian_Glez,2205,2022-01-07
23,Adrian_Glez,2203,2022-01-08
24,Adrian_Glez,2191,2022-01-10
25,Adrian_Glez,2193,2022-01-11
26,Adrian_Glez,2190,2022-01-13
27,Adrian_Glez,2177,2022-01-15
28,Adrian_Glez,2166,2022-01-18
29,Adrian_Glez,2182,2022-01-19
30,Adrian_Glez,2191,2022-01-23
31,Adrian_Glez,2211,2022-01-24
32,Adrian_Glez,2202,2022-01-25
33,Adrian_Glez,2200,2022-02-01
34,Adrian_Glez,2197,2022-02-02
35,Adrian_Glez,2188,2022-02-03
36,Adrian_Glez,2186,2022-02-04
37,Adrian_Glez,2202,2022-02-05
38,Adrian_Glez,2195,2022-02-08
39,Adrian_Glez,2187,2022-02-09
40,Adrian_Glez,2193,2022-02-10
41,Adrian_Glez,2180,2022-02-11
42,Adrian_Glez,2187,2022-02-14
43,Adrian_Glez,2178,2022-02-21
44,Adrian_Glez,2168,2022-02-23
45,Adrian_Glez,2159,2022-02-25
46,Adrian_Glez,2153,2022-02-27
47,Adrian_Glez,2145,2022-03-01
48,Adrian_Glez,2162,2022-03-02
49,Adrian_Glez,2167,2022-03-03
50,Adrian_Glez,2203,2023-01-11
51,Adrian_Glez,2156,2023-01-15
52,Adrian_Glez,2151,2023-01-16
53,Adrian_Glez,2156,2023-01-17
54,Adrian_Glez,2205,2023-01-20
55,Adrian_Glez,2194,2023-01-21
56,Adrian_Glez,2181,2023-01-22
57,Adrian_Glez,2181,2023-01-23
58,Adrian_Glez,2168,2023-01-26
59,Adrian_Glez,2161,2023-01-28
60,Adrian_Glez,2146,2023-01-29
61,Adrian_Glez,2156,2023-02-07
62,Adrian_Glez,2144,2023-02-08
63,Adrian_Glez,2105,2023-02-10
64,Adrian_Glez,2117,2023-02-13
65,Adrian_Glez,2127,2023-02-15
66,Adrian_Glez,2127,2023-02-19
67,Adrian_Glez,2145,2023-02-20
68,Adrian_Glez,2133,2023-02-23
69,Adrian_Glez,2118,2023-02-28
70,Adrian_Glez,2106,2023-03-12
71,Adrian_Glez,2114,2023-04-08
72,Adrian_Glez,2132,2023-04-18
73,Adrian_Glez,2117,2023-04-24
74,Adrian_Glez,2100,2023-05-06
75,Adrian_Glez,2081,2023-05-07
76,Adrian_Glez,2101,2023-05-09
77,Adrian_Glez,2122,2023-05-10
78,Adrian_Glez,2125,2023-05-13
79,Adrian_Glez,2132,2023-05-14
80,Adrian_Glez,2147,2023-05-18
81,Adrian_Glez,2147,2023-05-19
82,Adrian_Glez,2136,2023-05-26
83,Adrian_Glez,2128,2023-05-27
84,Adrian_Glez,2116,2023-05-28
85,Adrian_Glez,2109,2023-05-29
86,Adrian_Glez,2099,2023-06-01
87,Adrian_Glez,2088,2023-06-02
88,Adrian_Glez,2104,2023-06-04
89,Adrian_Glez,2098,2023-06-05
90,Adrian_Glez,2094,2023-06-06
91,Adrian_Glez,2092,2023-06-08
92,Adrian_Glez,2106,2023-06-09
93,Adrian_Glez,2099,2023-06-11
94,Adrian_Glez,2111,2023-06-13
95,Adrian_Glez,2104,2023-06-14
96,Adrian_Glez,2119,2023-06-16
97,Adrian_Glez,2125,2023-06-20
98,Adrian_Glez,2118,2023-06-21
99,Adrian_Glez,2128,2023-06-24
100,Adrian_Glez,2135,2023-06-27
101,Adrian_Glez,2141,2023-06-28
102,Adrian_Glez,2156,2023-07-01
103,Adrian_Glez,2163,2023-07-02
104,Adrian_Glez,2156,2023-07-03
105,Adrian_Glez,2161,2023-07-04
106,Adrian_Glez,2168,2023-07-08
107,Adrian_Glez,2177,2023-07-10
108,Adrian_Glez,2184,2023-07-11
109,Adrian_Glez,2192,2023-07-12
110,Adrian_Glez,2198,2023-07-13
111,Adrian_Glez,2197,2023-07-21
112,Adrian_Glez,2205,2023-07-22
113,Adrian_Glez,2218,2023-07-24
114,Adrian_Glez,2224,2023-07-28
115,Adrian_Glez,2217,2023-07-30
116,Adrian_Glez,2222,2023-07-31
117,Adrian_Glez,2220,2023-08-01
118,Adrian_Glez,2211,2023-08-03
119,Adrian_Glez,2212,2023-08-12
120,Adrian_Glez,2221,2023-08-15
121,Adrian_Glez,2235,2023-08-17
122,Adrian_Glez,2227,2023-08-18
123,Adrian_Glez,2216,2023-08-22
124,Adrian_Glez,2226,2023-08-24
125,Adrian_Glez,2231,2023-08-25
126,Adrian_Glez,2239,2023-08-27
127,Adrian_Glez,2227,2023-09-01
128,Adrian_Glez,2206,2023-09-05
129,Adrian_Glez,2176,2023-09-07
130,Adrian_Glez,2182,2023-09-10
131,Adrian_Glez,2171,2023-09-13
132,Adrian_Glez,2187,2023-09-16
133,Adrian_Glez,2177,2023-09-26
134,Adrian_Glez,2153,2023-09-30
135,Adrian_Glez,2161,2023-10-01
136,Adrian_Glez,2179,2023-10-02
137,Adrian_Glez,2185,2023-10-03
138,Adrian_Glez,2178,2023-10-04
139,Adrian_Glez,2178,2023-10-08
140,Adrian_Glez,2165,2023-10-12
141,Adrian_Glez,2184,2023-10-13
142,Adrian_Glez,2175,2023-10-17
143,Adrian_Glez,2177,2023-10-25
144,Adrian_Glez,2184,2023-10-26
145,Adrian_Glez,2200,2023-10-27
146,Adrian_Glez,2189,2023-10-30
147,Adrian_Glez,2196,2023-10-31
148,Adrian_Glez,2202,2023-11-03
149,Adrian_Glez,2214,2023-11-16
150,Adrian_Glez,2224,2023-11-19
151,Adrian_Glez,2216,2023-11-21
152,Adrian_Glez,2191,2023-11-23
153,Adrian_Glez,2179,2023-11-24
0,Hilson7,1445,2020-02-19
1,Hilson7,1398,2020-02-23
2,Hilson7,1534,2020-03-02
3,Hilson7,1626,2020-03-03
4,Hilson7,1612,2020-03-05
5,Hilson7,1667,2020-03-08
6,Hilson7,1710,2020-03-16
7,Hilson7,1676,2020-03-17
8,Hilson7,1614,2020-03-18
9,Hilson7,1651,2020-03-19
10,Hilson7,1600,2020-03-22
11,Hilson7,1554,2020-03-31
12,Hilson7,1576,2020-04-01
13,Hilson7,1553,2020-04-02
14,Hilson7,1576,2020-04-03
15,Hilson7,1594,2020-04-06
16,Hilson7,1614,2020-04-07
17,Hilson7,1595,2020-04-08
18,Hilson7,1582,2020-04-09
19,Hilson7,1568,2020-04-10
20,Hilson7,1556,2020-04-11
21,Hilson7,1542,2020-04-12
22,Hilson7,1530,2020-04-13
23,Hilson7,1518,2020-04-14
24,Hilson7,1508,2020-04-16
25,Hilson7,1497,2020-04-19
26,Hilson7,1509,2020-04-20
27,Hilson7,1512,2020-04-21
28,Hilson7,1520,2020-04-25
29,Hilson7,1530,2020-04-27
30,Hilson7,1522,2020-04-28
31,Hilson7,1512,2020-04-29
32,Hilson7,1519,2020-05-03
33,Hilson7,1530,2020-05-04
34,Hilson7,1548,2020-05-06
35,Hilson7,1543,2020-05-07
36,Hilson7,1550,2020-05-08
37,Hilson7,1566,2020-05-10
38,Hilson7,1569,2020-05-11
39,Hilson7,1578,2020-05-12
40,Hilson7,1577,2020-05-17
41,Hilson7,1571,2020-05-20
42,Hilson7,1571,2020-05-26
43,Hilson7,1562,2020-05-27
44,Hilson7,1571,2020-05-31
45,Hilson7,1581,2020-06-05
46,Hilson7,1588,2020-06-10
47,Hilson7,1597,2020-06-11
48,Hilson7,1604,2020-06-14
49,Hilson7,1596,2020-06-17
50,Hilson7,1605,2020-06-20
51,Hilson7,1607,2020-06-25
52,Hilson7,1599,2020-06-29
53,Hilson7,1600,2020-07-04
54,Hilson7,1600,2020-07-06
55,Hilson7,1610,2020-07-09
56,Hilson7,1603,2020-07-10
57,Hilson7,1592,2020-07-11
58,Hilson7,1592,2020-07-12
59,Hilson7,1591,2020-07-14
60,Hilson7,1599,2020-07-15
61,Hilson7,1595,2020-07-16
62,Hilson7,1592,2020-07-17
63,Hilson7,1576,2020-07-18
64,Hilson7,1560,2020-07-19
65,Hilson7,1550,2020-07-21
66,Hilson7,1548,2020-07-22
67,Hilson7,1552,2020-07-23
68,Hilson7,1561,2020-07-24
69,Hilson7,1561,2020-07-25
70,Hilson7,1567,2020-07-26
71,Hilson7,1584,2020-07-27
72,Hilson7,1595,2020-07-28
73,Hilson7,1609,2020-07-29
74,Hilson7,1620,2020-07-30
75,Hilson7,1631,2020-07-31
76,Hilson7,1636,2020-08-01
77,Hilson7,1640,2020-08-02
78,Hilson7,1653,2020-08-03
79,Hilson7,1660,2020-08-04
80,Hilson7,1668,2020-08-05
81,Hilson7,1661,2020-08-06
82,Hilson7,1649,2020-08-07
83,Hilson7,1669,2020-08-08
84,Hilson7,1661,2020-08-09
85,Hilson7,1625,2020-08-10
86,Hilson7,1620,2020-08-11
87,Hilson7,1626,2020-08-12
88,Hilson7,1633,2020-08-13
89,Hilson7,1636,2020-08-14
90,Hilson7,1631,2020-08-15
91,Hilson7,1636,2020-08-16
92,Hilson7,1622,2020-08-17
93,Hilson7,1629,2020-08-18
94,Hilson7,1627,2020-08-19
95,Hilson7,1637,2020-08-20
96,Hilson7,1645,2020-08-21
97,Hilson7,1620,2020-08-22
98,Hilson7,1613,2020-08-23
99,Hilson7,1592,2020-08-24
100,Hilson7,1577,2020-08-25
101,Hilson7,1588,2020-08-26
102,Hilson7,1590,2020-08-27
103,Hilson7,1577,2020-08-28
104,Hilson7,1570,2020-08-29
105,Hilson7,1571,2020-08-30
106,Hilson7,1567,2020-08-31
107,Hilson7,1554,2020-09-03
108,Hilson7,1556,2020-09-04
109,Hilson7,1568,2020-09-05
110,Hilson7,1575,2020-09-07
111,Hilson7,1562,2020-09-09
112,Hilson7,1568,2020-09-10
113,Hilson7,1553,2020-09-11
114,Hilson7,1558,2020-09-12
115,Hilson7,1565,2020-09-13
116,Hilson7,1571,2020-09-15
117,Hilson7,1553,2020-09-16
118,Hilson7,1554,2020-09-17
119,Hilson7,1542,2020-09-19
120,Hilson7,1524,2020-09-20
121,Hilson7,1514,2020-09-21
122,Hilson7,1526,2020-09-22
123,Hilson7,1520,2020-09-23
124,Hilson7,1528,2020-09-28
125,Hilson7,1540,2020-09-30
126,Hilson7,1534,2020-10-01
127,Hilson7,1533,2020-10-02
128,Hilson7,1535,2020-10-03
129,Hilson7,1540,2020-10-04
130,Hilson7,1545,2020-10-05
131,Hilson7,1551,2020-10-07
132,Hilson7,1557,2020-10-08
133,Hilson7,1560,2020-10-10
134,Hilson7,1548,2020-10-13
135,Hilson7,1542,2020-10-15
136,Hilson7,1531,2020-10-20
137,Hilson7,1520,2020-10-21
138,Hilson7,1526,2020-10-23
139,Hilson7,1532,2020-10-24
140,Hilson7,1550,2020-10-25
141,Hilson7,1546,2020-10-28
142,Hilson7,1552,2020-10-29
143,Hilson7,1558,2020-11-02
144,Hilson7,1551,2020-12-01
145,Hilson7,1543,2020-12-04
146,Hilson7,1561,2020-12-05
147,Hilson7,1548,2020-12-08
148,Hilson7,1556,2020-12-21
149,Hilson7,1572,2020-12-22
150,Hilson7,1574,2020-12-30
151,Hilson7,1562,2020-12-31
152,Hilson7,1556,2021-01-01
153,Hilson7,1551,2021-01-02
154,Hilson7,1575,2021-01-05
155,Hilson7,1565,2021-01-06
156,Hilson7,1564,2021-01-07
157,Hilson7,1572,2021-01-08
158,Hilson7,1569,2021-01-09
159,Hilson7,1558,2021-01-10
160,Hilson7,1565,2021-01-11
161,Hilson7,1573,2021-01-12
162,Hilson7,1568,2021-01-13
163,Hilson7,1563,2021-01-14
164,Hilson7,1562,2021-01-15
165,Hilson7,1551,2021-01-16
166,Hilson7,1546,2021-01-18
167,Hilson7,1540,2021-01-19
168,Hilson7,1529,2021-01-21
169,Hilson7,1519,2021-01-23
170,Hilson7,1518,2021-01-24
171,Hilson7,1495,2021-01-25
172,Hilson7,1515,2021-01-26
173,Hilson7,1496,2021-01-27
174,Hilson7,1503,2021-01-28
175,Hilson7,1510,2021-01-30
176,Hilson7,1517,2021-01-31
177,Hilson7,1523,2021-02-01
178,Hilson7,1530,2021-02-02
179,Hilson7,1535,2021-02-05
180,Hilson7,1530,2021-02-06
181,Hilson7,1524,2021-02-11
182,Hilson7,1528,2021-02-13
183,Hilson7,1524,2021-02-14
184,Hilson7,1531,2021-02-15
185,Hilson7,1527,2021-02-17
186,Hilson7,1536,2021-02-18
187,Hilson7,1537,2021-02-19
188,Hilson7,1549,2021-02-20
189,Hilson7,1545,2021-02-21
190,Hilson7,1552,2021-02-22
191,Hilson7,1541,2021-02-23
192,Hilson7,1549,2021-02-25
193,Hilson7,1542,2021-02-26
194,Hilson7,1548,2021-02-27
195,Hilson7,1555,2021-02-28
196,Hilson7,1548,2021-03-01
197,Hilson7,1549,2021-03-03
198,Hilson7,1557,2021-03-04
199,Hilson7,1555,2021-03-07
200,Hilson7,1549,2021-03-10
201,Hilson7,1550,2021-03-11
202,Hilson7,1539,2021-03-17
203,Hilson7,1533,2021-03-18
204,Hilson7,1529,2021-03-20
205,Hilson7,1529,2021-03-21
206,Hilson7,1523,2021-03-22
207,Hilson7,1525,2021-03-23
208,Hilson7,1521,2021-03-24
209,Hilson7,1521,2021-03-26
210,Hilson7,1510,2021-03-27
211,Hilson7,1513,2021-03-28
212,Hilson7,1513,2021-03-29
213,Hilson7,1525,2021-03-30
214,Hilson7,1519,2021-03-31
215,Hilson7,1526,2021-04-01
216,Hilson7,1529,2021-04-02
217,Hilson7,1542,2021-04-05
218,Hilson7,1532,2021-04-06
219,Hilson7,1539,2021-04-07
220,Hilson7,1541,2021-04-08
221,Hilson7,1542,2021-04-09
222,Hilson7,1537,2021-04-10
223,Hilson7,1550,2021-04-11
224,Hilson7,1539,2021-04-12
225,Hilson7,1536,2021-04-13
226,Hilson7,1527,2021-04-14
227,Hilson7,1528,2021-04-15
228,Hilson7,1534,2021-04-17
229,Hilson7,1535,2021-04-18
230,Hilson7,1547,2021-04-19
231,Hilson7,1553,2021-04-21
232,Hilson7,1547,2021-04-23
233,Hilson7,1552,2021-04-26
234,Hilson7,1552,2021-05-02
235,Hilson7,1544,2021-05-05
236,Hilson7,1538,2021-05-06
237,Hilson7,1545,2021-05-08
238,Hilson7,1544,2021-05-09
239,Hilson7,1538,2021-05-10
240,Hilson7,1537,2021-05-12
241,Hilson7,1531,2021-05-13
242,Hilson7,1521,2021-05-14
243,Hilson7,1510,2021-05-15
244,Hilson7,1528,2021-05-17
245,Hilson7,1522,2021-05-18
246,Hilson7,1527,2021-05-20
247,Hilson7,1542,2021-05-21
248,Hilson7,1537,2021-05-22
249,Hilson7,1532,2021-05-28
250,Hilson7,1526,2021-05-31
251,Hilson7,1531,2021-06-03
252,Hilson7,1534,2021-06-04
253,Hilson7,1544,2021-06-05
254,Hilson7,1543,2021-06-07
255,Hilson7,1536,2021-06-08
256,Hilson7,1554,2021-06-09
257,Hilson7,1548,2021-06-10
258,Hilson7,1554,2021-06-11
259,Hilson7,1560,2021-06-14
260,Hilson7,1566,2021-06-17
261,Hilson7,1586,2021-06-18
262,Hilson7,1604,2021-06-19
263,Hilson7,1603,2021-06-20
264,Hilson7,1614,2021-06-21
265,Hilson7,1607,2021-06-23
266,Hilson7,1601,2021-06-26
267,Hilson7,1590,2021-06-27
268,Hilson7,1584,2021-06-28
269,Hilson7,1590,2021-06-29
270,Hilson7,1584,2021-07-01
271,Hilson7,1579,2021-07-06
272,Hilson7,1586,2021-07-09
273,Hilson7,1579,2021-07-16
274,Hilson7,1578,2021-07-17
275,Hilson7,1580,2021-07-23
276,Hilson7,1587,2021-07-25
277,Hilson7,1583,2021-07-26
278,Hilson7,1594,2021-07-27
279,Hilson7,1591,2021-07-28
280,Hilson7,1595,2021-08-02
281,Hilson7,1598,2021-08-06
282,Hilson7,1587,2021-08-14
283,Hilson7,1581,2021-08-19
284,Hilson7,1588,2021-08-24
285,Hilson7,1589,2021-08-28
286,Hilson7,1583,2021-08-30
287,Hilson7,1576,2021-09-03
288,Hilson7,1570,2021-09-04
289,Hilson7,1564,2021-09-05
290,Hilson7,1550,2021-09-06
291,Hilson7,1544,2021-09-07
292,Hilson7,1551,2021-09-08
293,Hilson7,1566,2021-09-09
294,Hilson7,1561,2021-09-10
295,Hilson7,1573,2021-09-12
296,Hilson7,1581,2021-09-13
297,Hilson7,1575,2021-09-14
298,Hilson7,1569,2021-09-15
299,Hilson7,1581,2021-09-18
300,Hilson7,1593,2021-09-22
301,Hilson7,1587,2021-09-23
302,Hilson7,1581,2021-09-26
303,Hilson7,1591,2021-09-27
304,Hilson7,1574,2021-09-28
305,Hilson7,1575,2021-09-29
306,Hilson7,1570,2021-09-30
307,Hilson7,1564,2021-10-01
308,Hilson7,1560,2021-10-03
309,Hilson7,1561,2021-10-04
310,Hilson7,1547,2021-10-05
311,Hilson7,1543,2021-10-06
312,Hilson7,1544,2021-10-09
313,Hilson7,1533,2021-10-10
314,Hilson7,1541,2021-10-15
315,Hilson7,1548,2021-10-16
316,Hilson7,1542,2021-10-17
317,Hilson7,1538,2021-10-18
318,Hilson7,1527,2021-10-19
319,Hilson7,1525,2021-10-21
320,Hilson7,1532,2021-10-22
321,Hilson7,1532,2021-10-23
322,Hilson7,1540,2021-10-24
323,Hilson7,1546,2021-10-25
324,Hilson7,1548,2021-10-27
325,Hilson7,1548,2021-10-28
326,Hilson7,1554,2021-10-29
327,Hilson7,1566,2021-10-30
328,Hilson7,1561,2021-11-02
329,Hilson7,1567,2021-11-04
330,Hilson7,1568,2021-11-10
331,Hilson7,1556,2021-11-15
332,Hilson7,1556,2021-11-17
333,Hilson7,1562,2021-11-19
334,Hilson7,1559,2021-11-20
335,Hilson7,1550,2021-11-22
336,Hilson7,1543,2021-11-23
337,Hilson7,1538,2021-11-25
338,Hilson7,1540,2021-11-27
339,Hilson7,1530,2021-11-28
340,Hilson7,1541,2021-11-30
341,Hilson7,1547,2021-12-01
342,Hilson7,1552,2021-12-02
343,Hilson7,1545,2021-12-06
344,Hilson7,1551,2021-12-08
345,Hilson7,1557,2021-12-10
346,Hilson7,1575,2021-12-11
347,Hilson7,1568,2021-12-14
348,Hilson7,1574,2021-12-18
349,Hilson7,1568,2021-12-20
350,Hilson7,1562,2021-12-22
351,Hilson7,1556,2021-12-24
352,Hilson7,1561,2021-12-25
353,Hilson7,1555,2021-12-26
354,Hilson7,1556,2021-12-27
355,Hilson7,1543,2021-12-29
356,Hilson7,1537,2022-01-01
357,Hilson7,1538,2022-01-03
358,Hilson7,1532,2022-01-04
359,Hilson7,1547,2022-01-06
360,Hilson7,1541,2022-01-09
361,Hilson7,1540,2022-01-11
362,Hilson7,1534,2022-01-12
363,Hilson7,1522,2022-01-13
364,Hilson7,1531,2022-01-14
365,Hilson7,1520,2022-01-15
366,Hilson7,1509,2022-01-16
367,Hilson7,1512,2022-01-18
368,Hilson7,1508,2022-01-19
369,Hilson7,1508,2022-01-21
370,Hilson7,1498,2022-01-22
371,Hilson7,1504,2022-01-23
372,Hilson7,1510,2022-01-24
373,Hilson7,1504,2022-01-25
374,Hilson7,1506,2022-01-26
375,Hilson7,1512,2022-01-27
376,Hilson7,1490,2022-01-28
377,Hilson7,1495,2022-01-29
378,Hilson7,1486,2022-01-30
379,Hilson7,1492,2022-02-01
380,Hilson7,1487,2022-02-02
381,Hilson7,1482,2022-02-03
382,Hilson7,1476,2022-02-04
383,Hilson7,1484,2022-02-05
384,Hilson7,1473,2022-02-06
385,Hilson7,1480,2022-02-07
386,Hilson7,1481,2022-02-08
387,Hilson7,1470,2022-02-09
388,Hilson7,1458,2022-02-10
389,Hilson7,1459,2022-02-11
390,Hilson7,1476,2022-02-12
391,Hilson7,1481,2022-02-13
392,Hilson7,1472,2022-02-14
393,Hilson7,1474,2022-02-15
394,Hilson7,1469,2022-02-16
395,Hilson7,1471,2022-02-17
396,Hilson7,1482,2022-02-19
397,Hilson7,1476,2022-02-23
398,Hilson7,1470,2022-03-02
399,Hilson7,1476,2022-03-04
400,Hilson7,1475,2022-03-05
401,Hilson7,1476,2022-03-09
402,Hilson7,1476,2022-03-10
403,Hilson7,1482,2022-03-13
404,Hilson7,1492,2022-03-15
405,Hilson7,1499,2022-03-16
406,Hilson7,1503,2022-03-18
407,Hilson7,1497,2022-03-20
408,Hilson7,1498,2022-03-25
409,Hilson7,1509,2022-03-30
410,Hilson7,1514,2022-04-01
411,Hilson7,1516,2022-04-07
412,Hilson7,1522,2022-04-10
413,Hilson7,1515,2022-04-11
414,Hilson7,1521,2022-04-12
415,Hilson7,1514,2022-04-13
416,Hilson7,1521,2022-04-16
417,Hilson7,1513,2022-04-18
418,Hilson7,1513,2022-04-27
419,Hilson7,1520,2022-04-28
420,Hilson7,1508,2022-04-29
421,Hilson7,1502,2022-04-30
422,Hilson7,1497,2022-05-02
423,Hilson7,1491,2022-05-05
424,Hilson7,1485,2022-05-09
425,Hilson7,1483,2022-05-11
426,Hilson7,1489,2022-05-28
427,Hilson7,1483,2022-05-29
428,Hilson7,1489,2022-05-30
429,Hilson7,1497,2022-06-02
430,Hilson7,1504,2022-06-06
431,Hilson7,1513,2022-06-07
432,Hilson7,1506,2022-06-10
433,Hilson7,1520,2022-06-11
434,Hilson7,1507,2022-06-19
435,Hilson7,1514,2022-06-20
436,Hilson7,1516,2022-06-21
437,Hilson7,1516,2022-06-22
438,Hilson7,1536,2022-06-23
439,Hilson7,1533,2022-06-24
440,Hilson7,1546,2022-06-25
441,Hilson7,1545,2022-06-26
442,Hilson7,1540,2022-06-28
443,Hilson7,1534,2022-06-29
444,Hilson7,1529,2022-06-30
445,Hilson7,1532,2022-07-01
446,Hilson7,1532,2022-07-02
447,Hilson7,1537,2022-07-03
448,Hilson7,1525,2022-07-04
449,Hilson7,1519,2022-07-05
450,Hilson7,1524,2022-07-06
451,Hilson7,1529,2022-07-07
452,Hilson7,1523,2022-07-09
453,Hilson7,1517,2022-07-15
454,Hilson7,1527,2022-07-16
455,Hilson7,1532,2022-07-21
456,Hilson7,1519,2022-07-23
457,Hilson7,1537,2022-07-24
458,Hilson7,1541,2022-07-27
459,Hilson7,1534,2022-08-11
460,Hilson7,1526,2022-08-13
461,Hilson7,1519,2022-08-17
462,Hilson7,1533,2022-08-23
463,Hilson7,1533,2022-08-24
464,Hilson7,1525,2022-08-25
465,Hilson7,1537,2022-08-26
466,Hilson7,1537,2022-09-02
467,Hilson7,1530,2022-09-03
468,Hilson7,1543,2022-09-04
469,Hilson7,1549,2022-09-06
470,Hilson7,1541,2022-09-08
471,Hilson7,1548,2022-09-12
472,Hilson7,1541,2022-09-27
473,Hilson7,1533,2022-10-06
474,Hilson7,1540,2022-10-07
475,Hilson7,1532,2022-10-10
476,Hilson7,1525,2022-10-16
477,Hilson7,1507,2022-10-23
478,Hilson7,1499,2022-10-24
479,Hilson7,1507,2022-10-25
480,Hilson7,1508,2022-10-26
481,Hilson7,1500,2022-10-27
482,Hilson7,1493,2022-10-28
483,Hilson7,1486,2022-10-29
484,Hilson7,1474,2022-10-30
485,Hilson7,1481,2022-11-01
486,Hilson7,1476,2022-11-05
487,Hilson7,1476,2022-11-07
488,Hilson7,1476,2022-11-09
489,Hilson7,1476,2022-11-10
490,Hilson7,1469,2022-11-13
491,Hilson7,1470,2022-11-14
492,Hilson7,1470,2022-11-16
493,Hilson7,1466,2022-11-17
494,Hilson7,1467,2022-11-20
495,Hilson7,1475,2022-11-22
496,Hilson7,1482,2022-11-24
497,Hilson7,1487,2022-11-27
498,Hilson7,1481,2022-11-28
499,Hilson7,1487,2022-12-03
500,Hilson7,1494,2022-12-05
501,Hilson7,1484,2022-12-09
502,Hilson7,1478,2022-12-10
503,Hilson7,1483,2022-12-11
504,Hilson7,1490,2022-12-19
505,Hilson7,1493,2022-12-20
506,Hilson7,1500,2022-12-21
507,Hilson7,1494,2022-12-22
508,Hilson7,1485,2022-12-23
509,Hilson7,1477,2022-12-24
510,Hilson7,1483,2022-12-25
511,Hilson7,1479,2022-12-27
512,Hilson7,1473,2022-12-28
513,Hilson7,1467,2022-12-29
514,Hilson7,1473,2022-12-30
515,Hilson7,1479,2022-12-31
516,Hilson7,1483,2023-01-03
517,Hilson7,1486,2023-01-04
518,Hilson7,1483,2023-01-05
519,Hilson7,1477,2023-01-15
520,Hilson7,1479,2023-01-20
521,Hilson7,1463,2023-01-22
522,Hilson7,1460,2023-01-23
523,Hilson7,1453,2023-01-24
524,Hilson7,1459,2023-01-27
525,Hilson7,1463,2023-01-28
526,Hilson7,1457,2023-01-31
527,Hilson7,1470,2023-02-01
528,Hilson7,1456,2023-02-02
529,Hilson7,1450,2023-02-05
530,Hilson7,1455,2023-02-07
531,Hilson7,1454,2023-02-08
532,Hilson7,1461,2023-02-09
533,Hilson7,1466,2023-02-12
534,Hilson7,1466,2023-02-18
535,Hilson7,1472,2023-02-21
536,Hilson7,1466,2023-03-08
537,Hilson7,1464,2023-03-21
538,Hilson7,1475,2023-03-22
539,Hilson7,1480,2023-03-23
540,Hilson7,1473,2023-03-27
541,Hilson7,1465,2023-04-01
542,Hilson7,1458,2023-04-02
543,Hilson7,1466,2023-04-09
544,Hilson7,1474,2023-04-12
545,Hilson7,1474,2023-04-13
546,Hilson7,1468,2023-04-20
547,Hilson7,1461,2023-04-26
548,Hilson7,1454,2023-04-28
549,Hilson7,1447,2023-04-29
550,Hilson7,1454,2023-05-01
551,Hilson7,1460,2023-05-02
552,Hilson7,1454,2023-05-03
553,Hilson7,1461,2023-05-04
554,Hilson7,1453,2023-05-05
555,Hilson7,1460,2023-05-06
556,Hilson7,1461,2023-05-07
557,Hilson7,1455,2023-05-08
558,Hilson7,1460,2023-05-09
559,Hilson7,1466,2023-05-10
560,Hilson7,1472,2023-05-11
561,Hilson7,1465,2023-05-12
562,Hilson7,1458,2023-05-14
563,Hilson7,1453,2023-05-15
564,Hilson7,1454,2023-05-16
565,Hilson7,1454,2023-05-17
566,Hilson7,1460,2023-05-18
567,Hilson7,1451,2023-05-19
568,Hilson7,1450,2023-05-20
569,Hilson7,1449,2023-05-21
570,Hilson7,1438,2023-05-22
571,Hilson7,1427,2023-05-23
572,Hilson7,1433,2023-05-24
573,Hilson7,1433,2023-05-25
574,Hilson7,1445,2023-05-26
575,Hilson7,1449,2023-05-27
576,Hilson7,1457,2023-05-28
577,Hilson7,1456,2023-05-29
578,Hilson7,1450,2023-05-30
579,Hilson7,1465,2023-05-31
580,Hilson7,1449,2023-06-01
581,Hilson7,1468,2023-06-02
582,Hilson7,1459,2023-06-04
583,Hilson7,1464,2023-06-05
584,Hilson7,1448,2023-06-07
585,Hilson7,1448,2023-06-09
586,Hilson7,1454,2023-06-10
587,Hilson7,1460,2023-06-12
588,Hilson7,1460,2023-06-13
589,Hilson7,1453,2023-06-14
590,Hilson7,1459,2023-06-15
591,Hilson7,1450,2023-06-16
592,Hilson7,1439,2023-06-18
593,Hilson7,1450,2023-06-19
594,Hilson7,1449,2023-06-20
595,Hilson7,1449,2023-06-21
596,Hilson7,1454,2023-06-23
597,Hilson7,1455,2023-06-24
598,Hilson7,1449,2023-06-25
599,Hilson7,1432,2023-06-27
600,Hilson7,1426,2023-06-28
601,Hilson7,1415,2023-06-29
602,Hilson7,1422,2023-07-01
603,Hilson7,1416,2023-07-03
604,Hilson7,1422,2023-07-04
605,Hilson7,1405,2023-07-05
606,Hilson7,1400,2023-07-07
607,Hilson7,1394,2023-07-08
608,Hilson7,1399,2023-07-09
609,Hilson7,1391,2023-07-10
610,Hilson7,1391,2023-07-11
611,Hilson7,1385,2023-07-12
612,Hilson7,1391,2023-07-13
613,Hilson7,1392,2023-07-14
614,Hilson7,1382,2023-07-15
615,Hilson7,1378,2023-07-16
616,Hilson7,1386,2023-07-18
617,Hilson7,1382,2023-07-19
618,Hilson7,1397,2023-07-20
619,Hilson7,1408,2023-07-22
620,Hilson7,1402,2023-07-24
621,Hilson7,1398,2023-07-25
622,Hilson7,1398,2023-07-26
623,Hilson7,1412,2023-07-28
624,Hilson7,1405,2023-07-29
625,Hilson7,1408,2023-07-30
626,Hilson7,1415,2023-07-31
627,Hilson7,1402,2023-08-01
628,Hilson7,1391,2023-08-02
629,Hilson7,1397,2023-08-03
630,Hilson7,1406,2023-08-04
631,Hilson7,1418,2023-08-05
632,Hilson7,1431,2023-08-06
633,Hilson7,1439,2023-08-07
634,Hilson7,1449,2023-08-08
635,Hilson7,1449,2023-08-09
636,Hilson7,1456,2023-08-10
637,Hilson7,1473,2023-08-11
638,Hilson7,1468,2023-08-12
639,Hilson7,1449,2023-08-13
640,Hilson7,1451,2023-08-14
641,Hilson7,1453,2023-08-15
642,Hilson7,1452,2023-08-16
643,Hilson7,1469,2023-08-17
644,Hilson7,1470,2023-08-18
645,Hilson7,1458,2023-08-19
646,Hilson7,1464,2023-08-20
647,Hilson7,1476,2023-08-21
648,Hilson7,1481,2023-08-22
649,Hilson7,1475,2023-08-23
650,Hilson7,1469,2023-08-24
651,Hilson7,1463,2023-08-25
652,Hilson7,1458,2023-08-26
653,Hilson7,1453,2023-08-27
654,Hilson7,1445,2023-08-28
655,Hilson7,1458,2023-08-29
656,Hilson7,1458,2023-08-30
657,Hilson7,1453,2023-08-31
658,Hilson7,1459,2023-09-01
659,Hilson7,1465,2023-09-04
660,Hilson7,1460,2023-09-05
661,Hilson7,1461,2023-09-06
662,Hilson7,1467,2023-09-08
663,Hilson7,1485,2023-09-09
664,Hilson7,1480,2023-09-10
665,Hilson7,1483,2023-09-11
666,Hilson7,1476,2023-09-12
667,Hilson7,1475,2023-09-13
668,Hilson7,1470,2023-09-14
669,Hilson7,1464,2023-09-15
670,Hilson7,1467,2023-09-19
671,Hilson7,1461,2023-09-20
672,Hilson7,1466,2023-09-21
673,Hilson7,1456,2023-09-22
674,Hilson7,1468,2023-09-25
675,Hilson7,1464,2023-09-26
676,Hilson7,1464,2023-09-27
677,Hilson7,1457,2023-09-28
678,Hilson7,1464,2023-09-29
679,Hilson7,1450,2023-09-30
680,Hilson7,1468,2023-10-01
681,Hilson7,1465,2023-10-02
682,Hilson7,1455,2023-10-03
683,Hilson7,1459,2023-10-06
684,Hilson7,1452,2023-10-10
685,Hilson7,1460,2023-10-11
686,Hilson7,1454,2023-10-19
687,Hilson7,1454,2023-10-20
688,Hilson7,1434,2023-10-21
689,Hilson7,1434,2023-10-22
690,Hilson7,1440,2023-10-24
691,Hilson7,1446,2023-10-25
692,Hilson7,1458,2023-11-08
693,Hilson7,1445,2023-11-10
694,Hilson7,1439,2023-11-11
695,Hilson7,1459,2023-11-12
696,Hilson7,1464,2023-11-14
697,Hilson7,1476,2023-11-16
698,Hilson7,1476,2023-11-17
699,Hilson7,1470,2023-11-21
700,Hilson7,1464,2023-11-22
701,Hilson7,1476,2023-11-23
702,Hilson7,1486,2023-11-24
703,Hilson7,1493,2023-11-25
704,Hilson7,1494,2023-11-26
705,Hilson7,1495,2023-11-27
706,Hilson7,1507,2023-11-28
707,Hilson7,1495,2023-11-29
708,Hilson7,1489,2023-11-30
709,Hilson7,1483,2023-12-01
0,edahhani,1877,2019-02-11
1,edahhani,1802,2019-02-16
2,edahhani,1710,2019-02-21
3,edahhani,1784,2020-02-26
4,edahhani,1743,2020-03-27
5,edahhani,1683,2020-03-29
6,edahhani,1655,2020-03-30
7,edahhani,1698,2020-04-04
8,edahhani,1699,2020-04-06
9,edahhani,1716,2020-04-14
10,edahhani,1699,2020-04-16
11,edahhani,1802,2020-04-17
12,edahhani,1813,2020-04-20
13,edahhani,1825,2020-04-21
14,edahhani,1845,2020-04-22
15,edahhani,1821,2020-04-23
16,edahhani,1819,2020-04-24
17,edahhani,1812,2020-04-25
18,edahhani,1804,2020-04-26
19,edahhani,1806,2020-05-05
20,edahhani,1816,2020-05-07
21,edahhani,1808,2020-05-08
22,edahhani,1799,2020-05-09
23,edahhani,1810,2020-05-12
24,edahhani,1798,2020-05-13
25,edahhani,1792,2020-05-16
26,edahhani,1785,2020-05-17
27,edahhani,1777,2020-05-22
28,edahhani,1785,2020-05-24
29,edahhani,1785,2020-05-26
30,edahhani,1806,2020-06-08
31,edahhani,1813,2020-06-09
32,edahhani,1825,2020-06-10
33,edahhani,1831,2020-06-12
34,edahhani,1817,2020-06-16
35,edahhani,1823,2020-06-17
36,edahhani,1822,2020-06-18
37,edahhani,1832,2020-06-20
38,edahhani,1833,2020-06-21
39,edahhani,1841,2020-06-22
40,edahhani,1836,2020-06-25
41,edahhani,1829,2020-07-06
42,edahhani,1822,2020-07-10
43,edahhani,1816,2020-07-13
44,edahhani,1817,2020-07-26
45,edahhani,1816,2020-08-29
46,edahhani,1825,2020-09-20
47,edahhani,1815,2020-09-23
48,edahhani,1827,2020-10-14
49,edahhani,1816,2020-10-19
50,edahhani,1786,2020-10-29
51,edahhani,1765,2020-11-03
52,edahhani,1753,2020-11-30
53,edahhani,1766,2020-12-05
54,edahhani,1778,2020-12-15
55,edahhani,1788,2020-12-16
56,edahhani,1767,2020-12-17
57,edahhani,1758,2020-12-21
58,edahhani,1754,2021-01-10
59,edahhani,1756,2021-01-15
60,edahhani,1758,2021-01-24
61,edahhani,1770,2021-02-08
62,edahhani,1784,2021-02-21
63,edahhani,1794,2021-02-22
64,edahhani,1804,2021-02-23
65,edahhani,1794,2021-03-01
66,edahhani,1824,2021-04-04
67,edahhani,1801,2021-04-06
68,edahhani,1793,2021-04-19
69,edahhani,1802,2021-06-01
70,edahhani,1816,2021-06-02
71,edahhani,1804,2021-06-04
72,edahhani,1827,2021-06-08
73,edahhani,1815,2021-06-11
74,edahhani,1805,2021-06-13
75,edahhani,1810,2021-07-02
76,edahhani,1821,2021-07-04
77,edahhani,1810,2021-07-05
78,edahhani,1808,2021-07-06
79,edahhani,1821,2021-07-07
80,edahhani,1828,2021-07-08
81,edahhani,1819,2021-07-09
82,edahhani,1779,2023-01-26
83,edahhani,1816,2023-01-31
84,edahhani,1927,2023-09-01
85,edahhani,1984,2023-09-02
86,edahhani,1951,2023-09-03
87,edahhani,1948,2023-09-04
88,edahhani,1956,2023-09-05
89,edahhani,1936,2023-09-06
90,edahhani,1928,2023-09-07
91,edahhani,1948,2023-09-11
92,edahhani,1939,2023-09-13
93,edahhani,1931,2023-09-14
94,edahhani,1931,2023-09-15
95,edahhani,1961,2023-09-16
96,edahhani,1962,2023-09-17
97,edahhani,1954,2023-09-19
98,edahhani,1947,2023-09-22
99,edahhani,1940,2023-09-30
100,edahhani,1947,2023-10-05
101,edahhani,1930,2023-10-06
102,edahhani,1921,2023-10-07
103,edahhani,1916,2023-10-08
104,edahhani,1909,2023-10-09
105,edahhani,1917,2023-11-22
106,edahhani,1918,2023-11-25
0,Thinkersaurish,1739,2020-12-18
1,Thinkersaurish,1803,2020-12-19
2,Thinkersaurish,1834,2020-12-20
3,Thinkersaurish,1834,2020-12-26
4,Thinkersaurish,1876,2020-12-27
5,Thinkersaurish,1949,2020-12-28
6,Thinkersaurish,2025,2020-12-29
7,Thinkersaurish,2015,2020-12-30
8,Thinkersaurish,2018,2020-12-31
9,Thinkersaurish,2015,2021-01-02
10,Thinkersaurish,2022,2021-01-03
11,Thinkersaurish,2024,2021-01-04
12,Thinkersaurish,2015,2021-01-05
13,Thinkersaurish,2035,2021-01-06
14,Thinkersaurish,2036,2021-01-07
15,Thinkersaurish,2018,2021-01-08
16,Thinkersaurish,2014,2021-01-09
17,Thinkersaurish,2015,2021-01-10
18,Thinkersaurish,2015,2021-01-12
19,Thinkersaurish,2016,2021-01-13
20,Thinkersaurish,2031,2021-01-14
21,Thinkersaurish,2037,2021-01-15
22,Thinkersaurish,2023,2021-01-16
23,Thinkersaurish,2030,2021-01-17
24,Thinkersaurish,2031,2021-01-18
25,Thinkersaurish,2036,2021-01-19
26,Thinkersaurish,2055,2021-01-20
27,Thinkersaurish,2056,2021-01-23
28,Thinkersaurish,2061,2021-01-24
29,Thinkersaurish,2076,2021-01-25
30,Thinkersaurish,2088,2021-01-28
31,Thinkersaurish,2112,2021-01-29
32,Thinkersaurish,2114,2021-01-30
33,Thinkersaurish,2134,2021-02-01
34,Thinkersaurish,2116,2021-02-02
35,Thinkersaurish,2081,2021-02-03
36,Thinkersaurish,2102,2021-02-04
37,Thinkersaurish,2110,2021-02-05
38,Thinkersaurish,2118,2021-02-06
39,Thinkersaurish,2135,2021-02-07
40,Thinkersaurish,2124,2021-02-08
41,Thinkersaurish,2139,2021-02-11
42,Thinkersaurish,2130,2021-02-12
43,Thinkersaurish,2123,2021-02-15
44,Thinkersaurish,2116,2021-02-16
45,Thinkersaurish,2118,2021-02-21
46,Thinkersaurish,2110,2021-02-27
47,Thinkersaurish,2111,2021-03-03
48,Thinkersaurish,2102,2021-03-04
49,Thinkersaurish,2073,2021-03-06
50,Thinkersaurish,2065,2021-03-11
51,Thinkersaurish,2050,2021-03-12
52,Thinkersaurish,2049,2021-03-13
53,Thinkersaurish,2060,2021-03-14
54,Thinkersaurish,2049,2021-03-20
55,Thinkersaurish,2024,2021-03-21
56,Thinkersaurish,2022,2021-03-24
57,Thinkersaurish,2022,2021-03-27
58,Thinkersaurish,2019,2021-03-29
59,Thinkersaurish,2013,2021-04-03
60,Thinkersaurish,2012,2021-04-04
61,Thinkersaurish,2018,2021-04-07
62,Thinkersaurish,2009,2021-04-10
63,Thinkersaurish,2004,2021-04-11
64,Thinkersaurish,1995,2021-04-17
65,Thinkersaurish,1994,2021-04-21
66,Thinkersaurish,1987,2021-04-24
67,Thinkersaurish,1980,2021-04-25
68,Thinkersaurish,1992,2021-05-01
69,Thinkersaurish,2002,2021-05-02
70,Thinkersaurish,2002,2021-05-08
71,Thinkersaurish,2014,2021-05-09
72,Thinkersaurish,2026,2021-05-15
73,Thinkersaurish,2035,2021-05-16
74,Thinkersaurish,2056,2021-05-22
75,Thinkersaurish,2069,2021-05-23
76,Thinkersaurish,2047,2021-05-29
77,Thinkersaurish,2031,2021-05-30
78,Thinkersaurish,2018,2021-06-05
79,Thinkersaurish,2001,2021-06-06
80,Thinkersaurish,1998,2021-06-12
81,Thinkersaurish,2018,2021-06-13
82,Thinkersaurish,2034,2021-06-19
83,Thinkersaurish,2029,2021-06-20
84,Thinkersaurish,2030,2021-06-26
85,Thinkersaurish,2016,2021-07-03
86,Thinkersaurish,2028,2021-07-04
87,Thinkersaurish,2028,2021-07-10
88,Thinkersaurish,2054,2021-07-17
89,Thinkersaurish,2054,2021-07-18
90,Thinkersaurish,2062,2021-07-22
91,Thinkersaurish,2055,2021-07-24
92,Thinkersaurish,2058,2021-07-25
93,Thinkersaurish,2053,2021-07-31
94,Thinkersaurish,2035,2021-08-01
95,Thinkersaurish,2011,2021-08-07
96,Thinkersaurish,1989,2021-08-08
97,Thinkersaurish,2014,2021-08-14
98,Thinkersaurish,2038,2021-08-15
99,Thinkersaurish,2025,2021-08-21
100,Thinkersaurish,2033,2021-08-22
101,Thinkersaurish,2051,2021-09-04
102,Thinkersaurish,2057,2021-09-05
103,Thinkersaurish,2065,2021-09-18
104,Thinkersaurish,2061,2021-09-19
105,Thinkersaurish,2058,2021-09-26
106,Thinkersaurish,2050,2021-10-03
107,Thinkersaurish,2043,2021-10-08
108,Thinkersaurish,2032,2021-10-09
109,Thinkersaurish,2041,2021-10-10
110,Thinkersaurish,2030,2021-11-07
111,Thinkersaurish,2040,2021-11-13
112,Thinkersaurish,2053,2021-11-14
113,Thinkersaurish,2044,2021-11-20
114,Thinkersaurish,2054,2021-11-27
115,Thinkersaurish,2064,2021-11-28
116,Thinkersaurish,2079,2021-12-01
117,Thinkersaurish,2094,2021-12-04
118,Thinkersaurish,2094,2021-12-12
119,Thinkersaurish,2105,2021-12-13
120,Thinkersaurish,2092,2021-12-19
121,Thinkersaurish,2101,2021-12-26
122,Thinkersaurish,2115,2021-12-28
123,Thinkersaurish,2125,2021-12-29
124,Thinkersaurish,2154,2021-12-30
125,Thinkersaurish,2157,2021-12-31
126,Thinkersaurish,2158,2022-01-01
127,Thinkersaurish,2158,2022-01-02
128,Thinkersaurish,2164,2022-01-03
129,Thinkersaurish,2165,2022-01-08
130,Thinkersaurish,2165,2022-01-16
131,Thinkersaurish,2167,2022-01-30
132,Thinkersaurish,2205,2022-04-16
133,Thinkersaurish,2213,2022-04-17
134,Thinkersaurish,2191,2022-04-26
135,Thinkersaurish,2168,2022-06-09
136,Thinkersaurish,2203,2022-06-14
137,Thinkersaurish,2207,2022-07-17
138,Thinkersaurish,2165,2022-08-28
139,Thinkersaurish,2133,2022-12-18
140,Thinkersaurish,2193,2022-12-20
141,Thinkersaurish,2261,2022-12-23
142,Thinkersaurish,2276,2022-12-24
143,Thinkersaurish,2256,2022-12-26
144,Thinkersaurish,2253,2022-12-28
145,Thinkersaurish,2245,2023-02-10
146,Thinkersaurish,2254,2023-04-19
147,Thinkersaurish,2217,2023-04-24
148,Thinkersaurish,2219,2023-04-27
149,Thinkersaurish,2218,2023-04-30
150,Thinkersaurish,2239,2023-05-01
151,Thinkersaurish,2206,2023-08-28
152,Thinkersaurish,2208,2023-09-13
153,Thinkersaurish,2239,2023-09-20
154,Thinkersaurish,2242,2023-09-23
155,Thinkersaurish,2245,2023-10-04
156,Thinkersaurish,2246,2023-10-07
157,Thinkersaurish,2217,2023-11-09
158,Thinkersaurish,2239,2023-11-10
159,Thinkersaurish,2258,2023-11-12
160,Thinkersaurish,2262,2023-11-13
161,Thinkersaurish,2304,2023-11-29
0,JeanEric,1929,2023-01-06
1,JeanEric,1950,2023-04-29
2,JeanEric,1857,2023-05-03
3,JeanEric,1845,2023-05-15
4,JeanEric,1845,2023-05-22
5,JeanEric,1809,2023-05-24
6,JeanEric,1820,2023-05-25
7,JeanEric,1780,2023-05-31
8,JeanEric,1756,2023-06-06
9,JeanEric,1744,2023-06-12
10,JeanEric,1757,2023-06-15
11,JeanEric,1772,2023-06-19
12,JeanEric,1785,2023-07-02
13,JeanEric,1795,2023-07-09
14,JeanEric,1796,2023-07-15
15,JeanEric,1792,2023-07-16
16,JeanEric,1775,2023-07-24
17,JeanEric,1767,2023-08-03
18,JeanEric,1773,2023-08-09
19,JeanEric,1787,2023-08-11
20,JeanEric,1761,2023-08-16
21,JeanEric,1774,2023-08-28
22,JeanEric,1743,2023-08-30
23,JeanEric,1738,2023-08-31
24,JeanEric,1737,2023-09-16
25,JeanEric,1749,2023-09-22
26,JeanEric,1762,2023-09-23
27,JeanEric,1773,2023-09-28
28,JeanEric,1747,2023-09-29
29,JeanEric,1767,2023-09-30
30,JeanEric,1787,2023-10-01
31,JeanEric,1795,2023-10-02
32,JeanEric,1808,2023-10-04
33,JeanEric,1801,2023-10-05
34,JeanEric,1804,2023-10-06
35,JeanEric,1811,2023-10-08
36,JeanEric,1817,2023-10-09
37,JeanEric,1823,2023-10-10
38,JeanEric,1824,2023-10-11
39,JeanEric,1826,2023-10-12
40,JeanEric,1830,2023-10-13
41,JeanEric,1838,2023-10-14
42,JeanEric,1845,2023-10-15
43,JeanEric,1851,2023-10-17
44,JeanEric,1871,2023-10-18
45,JeanEric,1863,2023-10-19
46,JeanEric,1836,2023-10-20
47,JeanEric,1832,2023-10-21
48,JeanEric,1826,2023-10-22
49,JeanEric,1838,2023-10-23
50,JeanEric,1839,2023-10-24
51,JeanEric,1856,2023-10-25
52,JeanEric,1869,2023-10-26
53,JeanEric,1883,2023-10-27
54,JeanEric,1871,2023-10-28
55,JeanEric,1872,2023-10-29
56,JeanEric,1880,2023-10-30
57,JeanEric,1887,2023-10-31
58,JeanEric,1894,2023-11-01
59,JeanEric,1898,2023-11-02
60,JeanEric,1906,2023-11-06
61,JeanEric,1900,2023-11-16
62,JeanEric,1872,2023-11-21
63,JeanEric,1880,2023-11-28
64,JeanEric,1885,2023-11-29
65,JeanEric,1891,2023-11-30
0,ChessCheens,1199,2022-01-27
1,ChessCheens,1160,2022-01-28
2,ChessCheens,1157,2022-01-29
3,ChessCheens,1136,2022-01-30
4,ChessCheens,1145,2022-01-31
5,ChessCheens,1117,2022-02-01
6,ChessCheens,1114,2022-02-02
7,ChessCheens,1132,2022-02-03
8,ChessCheens,1123,2022-02-04
9,ChessCheens,1140,2022-02-08
10,ChessCheens,1128,2022-02-09
11,ChessCheens,1151,2022-02-11
12,ChessCheens,1193,2022-02-12
13,ChessCheens,1192,2022-02-13
14,ChessCheens,1231,2022-02-14
15,ChessCheens,1224,2022-02-15
16,ChessCheens,1221,2022-02-16
17,ChessCheens,1223,2022-02-17
18,ChessCheens,1223,2022-02-18
19,ChessCheens,1224,2022-02-19
20,ChessCheens,1211,2022-02-20
21,ChessCheens,1205,2022-02-21
22,ChessCheens,1200,2022-02-23
23,ChessCheens,1193,2022-02-24
24,ChessCheens,1198,2022-02-25
25,ChessCheens,1198,2022-02-26
26,ChessCheens,1193,2022-02-28
27,ChessCheens,1187,2022-03-01
28,ChessCheens,1184,2022-03-02
29,ChessCheens,1190,2022-03-04
30,ChessCheens,1204,2022-03-06
31,ChessCheens,1214,2022-03-07
32,ChessCheens,1208,2022-03-09
33,ChessCheens,1195,2022-03-12
34,ChessCheens,1191,2022-03-16
35,ChessCheens,1196,2022-03-18
36,ChessCheens,1181,2022-03-23
37,ChessCheens,1195,2022-03-24
38,ChessCheens,1202,2022-03-25
39,ChessCheens,1211,2022-03-26
40,ChessCheens,1201,2022-03-27
41,ChessCheens,1202,2022-03-28
42,ChessCheens,1250,2022-03-29
43,ChessCheens,1245,2022-03-30
44,ChessCheens,1215,2022-03-31
45,ChessCheens,1233,2022-04-01
46,ChessCheens,1241,2022-04-02
47,ChessCheens,1252,2022-04-03
48,ChessCheens,1251,2022-04-04
49,ChessCheens,1255,2022-04-05
50,ChessCheens,1271,2022-04-06
51,ChessCheens,1260,2022-04-07
52,ChessCheens,1265,2022-04-08
53,ChessCheens,1260,2022-04-09
54,ChessCheens,1251,2022-04-10
55,ChessCheens,1259,2022-04-13
56,ChessCheens,1257,2022-04-14
57,ChessCheens,1267,2022-04-15
58,ChessCheens,1261,2022-04-16
59,ChessCheens,1273,2022-04-17
60,ChessCheens,1281,2022-04-20
61,ChessCheens,1274,2022-04-23
62,ChessCheens,1271,2022-05-01
63,ChessCheens,1302,2022-05-14
64,ChessCheens,1287,2022-05-15
65,ChessCheens,1297,2022-05-22
66,ChessCheens,1298,2022-05-29
67,ChessCheens,1307,2022-06-11
68,ChessCheens,1297,2022-06-16
69,ChessCheens,1315,2022-08-22
70,ChessCheens,1317,2022-08-23
71,ChessCheens,1351,2022-09-30
72,ChessCheens,1355,2022-10-02
73,ChessCheens,1389,2022-10-04
74,ChessCheens,1374,2022-10-07
75,ChessCheens,1360,2022-10-13
76,ChessCheens,1393,2022-10-22
77,ChessCheens,1379,2022-10-23
78,ChessCheens,1388,2022-10-25
79,ChessCheens,1399,2022-10-26
80,ChessCheens,1386,2022-10-29
81,ChessCheens,1397,2022-11-01
82,ChessCheens,1416,2022-11-19
83,ChessCheens,1413,2022-11-20
84,ChessCheens,1409,2022-11-27
85,ChessCheens,1397,2022-11-28
86,ChessCheens,1397,2022-11-30
87,ChessCheens,1397,2022-12-10
88,ChessCheens,1401,2022-12-11
89,ChessCheens,1425,2022-12-20
90,ChessCheens,1435,2022-12-21
91,ChessCheens,1445,2022-12-23
92,ChessCheens,1436,2022-12-24
93,ChessCheens,1426,2022-12-25
94,ChessCheens,1436,2022-12-26
95,ChessCheens,1446,2022-12-27
96,ChessCheens,1490,2022-12-28
97,ChessCheens,1482,2022-12-31
98,ChessCheens,1498,2023-01-03
99,ChessCheens,1505,2023-01-04
100,ChessCheens,1498,2023-01-06
101,ChessCheens,1499,2023-01-08
102,ChessCheens,1497,2023-01-09
103,ChessCheens,1498,2023-01-10
104,ChessCheens,1491,2023-01-11
105,ChessCheens,1506,2023-01-14
106,ChessCheens,1500,2023-01-15
107,ChessCheens,1496,2023-01-16
108,ChessCheens,1491,2023-01-17
109,ChessCheens,1499,2023-01-19
110,ChessCheens,1493,2023-01-20
111,ChessCheens,1509,2023-01-21
112,ChessCheens,1502,2023-01-23
113,ChessCheens,1494,2023-01-26
114,ChessCheens,1492,2023-01-27
115,ChessCheens,1506,2023-02-04
116,ChessCheens,1506,2023-02-06
117,ChessCheens,1515,2023-02-15
118,ChessCheens,1504,2023-02-24
119,ChessCheens,1492,2023-03-14
120,ChessCheens,1481,2023-03-23
121,ChessCheens,1465,2023-03-25
122,ChessCheens,1453,2023-04-12
123,ChessCheens,1454,2023-07-07
124,ChessCheens,1431,2023-07-11
125,ChessCheens,1401,2023-09-19
126,ChessCheens,1436,2023-10-18
127,ChessCheens,1432,2023-10-21
0,Sarmiflex,1287,2022-07-03
1,Sarmiflex,1268,2022-07-05
2,Sarmiflex,1139,2022-07-25
3,Sarmiflex,1066,2022-07-26
4,Sarmiflex,949,2023-07-14
5,Sarmiflex,881,2023-07-15
6,Sarmiflex,811,2023-07-16
7,Sarmiflex,766,2023-07-17
8,Sarmiflex,750,2023-07-19
9,Sarmiflex,770,2023-07-26
10,Sarmiflex,748,2023-07-27
11,Sarmiflex,736,2023-07-28
12,Sarmiflex,752,2023-08-01
13,Sarmiflex,792,2023-08-02
14,Sarmiflex,773,2023-08-03
15,Sarmiflex,766,2023-08-04
16,Sarmiflex,785,2023-08-10
17,Sarmiflex,793,2023-08-11
18,Sarmiflex,787,2023-08-12
19,Sarmiflex,800,2023-08-13
20,Sarmiflex,808,2023-08-14
21,Sarmiflex,791,2023-08-15
22,Sarmiflex,772,2023-08-16
23,Sarmiflex,754,2023-08-17
24,Sarmiflex,740,2023-08-18
25,Sarmiflex,744,2023-08-19
26,Sarmiflex,751,2023-08-20
27,Sarmiflex,752,2023-08-21
28,Sarmiflex,747,2023-08-22
29,Sarmiflex,742,2023-08-23
30,Sarmiflex,729,2023-08-24
31,Sarmiflex,735,2023-08-26
32,Sarmiflex,743,2023-08-27
33,Sarmiflex,731,2023-08-28
34,Sarmiflex,740,2023-09-03
35,Sarmiflex,737,2023-09-05
36,Sarmiflex,747,2023-09-06
37,Sarmiflex,753,2023-09-07
38,Sarmiflex,746,2023-09-08
39,Sarmiflex,746,2023-09-09
40,Sarmiflex,740,2023-09-10
41,Sarmiflex,742,2023-09-12
42,Sarmiflex,751,2023-09-13
43,Sarmiflex,743,2023-09-14
44,Sarmiflex,735,2023-09-15
45,Sarmiflex,744,2023-09-16
46,Sarmiflex,750,2023-09-17
47,Sarmiflex,757,2023-09-18
48,Sarmiflex,752,2023-09-19
49,Sarmiflex,759,2023-09-20
50,Sarmiflex,751,2023-09-21
51,Sarmiflex,757,2023-09-22
52,Sarmiflex,763,2023-09-23
53,Sarmiflex,770,2023-09-24
54,Sarmiflex,776,2023-10-02
55,Sarmiflex,783,2023-10-07
56,Sarmiflex,775,2023-10-08
57,Sarmiflex,784,2023-10-10
58,Sarmiflex,776,2023-10-12
59,Sarmiflex,786,2023-10-14
60,Sarmiflex,793,2023-10-15
61,Sarmiflex,788,2023-10-16
62,Sarmiflex,788,2023-10-18
63,Sarmiflex,790,2023-10-20
64,Sarmiflex,797,2023-10-21
65,Sarmiflex,813,2023-10-22
66,Sarmiflex,823,2023-10-26
67,Sarmiflex,835,2023-11-03
68,Sarmiflex,848,2023-11-05
69,Sarmiflex,860,2023-11-08
70,Sarmiflex,852,2023-11-09
71,Sarmiflex,862,2023-11-11
72,Sarmiflex,850,2023-11-12
73,Sarmiflex,840,2023-11-13
74,Sarmiflex,856,2023-11-14
75,Sarmiflex,864,2023-11-15
76,Sarmiflex,885,2023-11-16
77,Sarmiflex,868,2023-11-17
78,Sarmiflex,873,2023-11-18
79,Sarmiflex,890,2023-11-19
80,Sarmiflex,893,2023-11-20
81,Sarmiflex,882,2023-11-21
82,Sarmiflex,884,2023-11-22
83,Sarmiflex,892,2023-11-23
84,Sarmiflex,906,2023-11-24
85,Sarmiflex,900,2023-11-25
86,Sarmiflex,894,2023-11-27
87,Sarmiflex,870,2023-11-28
88,Sarmiflex,875,2023-11-29
89,Sarmiflex,883,2023-11-30
90,Sarmiflex,879,2023-12-01
0,Elcachoras12,1337,2019-06-16
1,Elcachoras12,1385,2019-06-17
2,Elcachoras12,1462,2019-06-20
3,Elcachoras12,1341,2019-06-21
4,Elcachoras12,1410,2020-06-15
5,Elcachoras12,1407,2020-09-29
6,Elcachoras12,1330,2022-09-03
7,Elcachoras12,1265,2022-09-04
8,Elcachoras12,1221,2022-09-06
9,Elcachoras12,1185,2022-09-12
10,Elcachoras12,1148,2022-09-23
11,Elcachoras12,1151,2022-09-24
12,Elcachoras12,1158,2022-09-28
13,Elcachoras12,1132,2022-09-29
14,Elcachoras12,1164,2022-10-14
15,Elcachoras12,1267,2022-10-19
16,Elcachoras12,1268,2022-10-20
17,Elcachoras12,1286,2022-10-21
18,Elcachoras12,1330,2022-10-23
19,Elcachoras12,1372,2022-10-24
20,Elcachoras12,1390,2022-10-25
21,Elcachoras12,1431,2022-10-30
22,Elcachoras12,1439,2022-10-31
23,Elcachoras12,1433,2022-11-02
24,Elcachoras12,1431,2022-11-03
25,Elcachoras12,1446,2022-11-04
26,Elcachoras12,1441,2022-11-06
27,Elcachoras12,1423,2022-11-07
28,Elcachoras12,1434,2022-11-09
29,Elcachoras12,1433,2022-11-10
30,Elcachoras12,1436,2022-11-11
31,Elcachoras12,1460,2022-11-15
32,Elcachoras12,1465,2022-11-18
33,Elcachoras12,1441,2022-12-06
34,Elcachoras12,1434,2022-12-25
35,Elcachoras12,1453,2022-12-28
36,Elcachoras12,1460,2022-12-29
37,Elcachoras12,1456,2022-12-30
38,Elcachoras12,1450,2023-01-02
39,Elcachoras12,1444,2023-01-08
40,Elcachoras12,1445,2023-01-22
41,Elcachoras12,1444,2023-01-27
42,Elcachoras12,1432,2023-02-07
43,Elcachoras12,1423,2023-02-09
44,Elcachoras12,1451,2023-03-08
45,Elcachoras12,1461,2023-03-28
46,Elcachoras12,1452,2023-04-01
47,Elcachoras12,1444,2023-04-11
48,Elcachoras12,1447,2023-05-24
49,Elcachoras12,1481,2023-09-21
50,Elcachoras12,1464,2023-09-22
51,Elcachoras12,1457,2023-09-24
52,Elcachoras12,1439,2023-09-25
53,Elcachoras12,1429,2023-09-27
54,Elcachoras12,1420,2023-09-29
55,Elcachoras12,1430,2023-10-07
56,Elcachoras12,1427,2023-10-08
57,Elcachoras12,1425,2023-10-11
58,Elcachoras12,1436,2023-10-16
59,Elcachoras12,1430,2023-10-17
60,Elcachoras12,1423,2023-10-23
61,Elcachoras12,1430,2023-10-26
62,Elcachoras12,1441,2023-11-04
0,dyllos,1728,2022-05-01
1,dyllos,1605,2022-05-02
2,dyllos,1644,2022-05-03
3,dyllos,1572,2022-05-05
4,dyllos,1565,2022-05-07
5,dyllos,1503,2022-05-08
6,dyllos,1434,2022-05-09
7,dyllos,1480,2022-05-10
8,dyllos,1465,2022-05-11
9,dyllos,1454,2022-05-14
10,dyllos,1452,2022-05-15
11,dyllos,1448,2022-05-17
12,dyllos,1464,2022-05-18
13,dyllos,1460,2022-05-19
14,dyllos,1469,2022-05-21
15,dyllos,1462,2022-05-22
16,dyllos,1445,2022-05-23
17,dyllos,1474,2022-05-24
18,dyllos,1484,2022-05-25
19,dyllos,1492,2022-05-31
20,dyllos,1504,2022-06-01
21,dyllos,1501,2022-06-02
22,dyllos,1504,2022-06-03
23,dyllos,1492,2022-06-06
24,dyllos,1496,2022-06-07
25,dyllos,1486,2022-06-08
26,dyllos,1483,2022-06-09
27,dyllos,1482,2022-06-10
28,dyllos,1489,2022-06-11
29,dyllos,1497,2022-06-13
30,dyllos,1487,2022-06-15
31,dyllos,1482,2022-06-16
32,dyllos,1484,2022-06-18
33,dyllos,1481,2022-06-19
34,dyllos,1482,2022-06-23
35,dyllos,1479,2022-06-25
36,dyllos,1500,2022-06-27
37,dyllos,1490,2022-06-28
38,dyllos,1509,2022-06-29
39,dyllos,1542,2022-06-30
40,dyllos,1536,2022-07-02
41,dyllos,1533,2022-07-05
42,dyllos,1533,2022-07-06
43,dyllos,1532,2022-07-07
44,dyllos,1539,2022-07-08
45,dyllos,1526,2022-07-09
46,dyllos,1521,2022-07-10
47,dyllos,1517,2022-07-11
48,dyllos,1530,2022-07-12
49,dyllos,1516,2022-07-13
50,dyllos,1512,2022-07-14
51,dyllos,1511,2022-07-16
52,dyllos,1511,2022-07-17
53,dyllos,1507,2022-07-18
54,dyllos,1502,2022-07-19
55,dyllos,1501,2022-07-20
56,dyllos,1501,2022-07-21
57,dyllos,1490,2022-07-26
58,dyllos,1485,2022-07-27
59,dyllos,1499,2022-07-31
60,dyllos,1478,2022-08-04
61,dyllos,1477,2022-08-08
62,dyllos,1484,2022-08-10
63,dyllos,1478,2022-08-11
64,dyllos,1493,2022-09-03
65,dyllos,1522,2022-09-04
66,dyllos,1561,2022-09-05
67,dyllos,1572,2022-09-06
68,dyllos,1580,2022-09-07
69,dyllos,1561,2022-09-08
70,dyllos,1573,2022-09-09
71,dyllos,1593,2022-09-10
72,dyllos,1572,2022-09-11
73,dyllos,1579,2022-09-12
74,dyllos,1590,2022-09-13
75,dyllos,1584,2022-09-14
76,dyllos,1563,2022-09-15
77,dyllos,1572,2022-09-17
78,dyllos,1593,2022-09-19
79,dyllos,1600,2022-09-20
80,dyllos,1600,2022-09-22
81,dyllos,1579,2022-09-26
82,dyllos,1587,2022-09-27
83,dyllos,1585,2022-10-06
84,dyllos,1593,2022-10-08
85,dyllos,1602,2022-10-29
86,dyllos,1592,2022-11-07
87,dyllos,1604,2022-11-10
88,dyllos,1595,2022-11-12
89,dyllos,1580,2022-12-25
90,dyllos,1596,2022-12-29
91,dyllos,1592,2023-01-08
92,dyllos,1571,2023-01-15
93,dyllos,1550,2023-01-30
94,dyllos,1533,2023-02-02
95,dyllos,1513,2023-02-20
96,dyllos,1517,2023-02-27
97,dyllos,1500,2023-02-28
98,dyllos,1483,2023-03-01
99,dyllos,1498,2023-03-05
100,dyllos,1495,2023-03-06
101,dyllos,1472,2023-03-07
102,dyllos,1497,2023-03-08
103,dyllos,1483,2023-03-09
104,dyllos,1504,2023-03-13
105,dyllos,1516,2023-03-15
106,dyllos,1526,2023-03-17
107,dyllos,1505,2023-03-21
108,dyllos,1494,2023-03-23
109,dyllos,1483,2023-04-11
110,dyllos,1513,2023-05-10
111,dyllos,1499,2023-05-22
112,dyllos,1496,2023-05-24
113,dyllos,1471,2023-05-29
114,dyllos,1470,2023-06-05
115,dyllos,1469,2023-06-07
116,dyllos,1469,2023-06-11
117,dyllos,1491,2023-06-12
118,dyllos,1470,2023-06-13
119,dyllos,1488,2023-06-14
120,dyllos,1504,2023-06-16
121,dyllos,1513,2023-06-20
122,dyllos,1523,2023-06-21
123,dyllos,1524,2023-06-30
124,dyllos,1515,2023-07-01
125,dyllos,1505,2023-07-02
126,dyllos,1496,2023-07-06
127,dyllos,1486,2023-07-07
128,dyllos,1498,2023-07-08
129,dyllos,1488,2023-07-21
130,dyllos,1497,2023-07-29
131,dyllos,1475,2023-07-31
132,dyllos,1466,2023-08-07
133,dyllos,1476,2023-08-09
134,dyllos,1486,2023-08-13
135,dyllos,1497,2023-08-14
136,dyllos,1510,2023-09-03
137,dyllos,1511,2023-09-05
138,dyllos,1511,2023-09-07
139,dyllos,1515,2023-09-26
140,dyllos,1511,2023-09-28
141,dyllos,1512,2023-10-02
142,dyllos,1494,2023-11-26
0,JeremyMNunez,999,2023-08-22
1,JeremyMNunez,1063,2023-08-23
2,JeremyMNunez,1160,2023-08-24
3,JeremyMNunez,1115,2023-08-25
4,JeremyMNunez,1062,2023-08-26
5,JeremyMNunez,1061,2023-08-27
6,JeremyMNunez,1073,2023-08-28
7,JeremyMNunez,1104,2023-08-29
8,JeremyMNunez,1118,2023-08-30
9,JeremyMNunez,1097,2023-08-31
10,JeremyMNunez,1115,2023-09-01
11,JeremyMNunez,1128,2023-09-02
12,JeremyMNunez,1128,2023-09-03
13,JeremyMNunez,1125,2023-09-04
14,JeremyMNunez,1136,2023-09-05
15,JeremyMNunez,1132,2023-09-06
16,JeremyMNunez,1120,2023-09-07
17,JeremyMNunez,1133,2023-09-08
18,JeremyMNunez,1151,2023-09-09
19,JeremyMNunez,1160,2023-09-10
20,JeremyMNunez,1155,2023-09-11
21,JeremyMNunez,1160,2023-09-12
22,JeremyMNunez,1173,2023-09-13
23,JeremyMNunez,1161,2023-09-14
24,JeremyMNunez,1159,2023-09-15
25,JeremyMNunez,1144,2023-09-16
26,JeremyMNunez,1150,2023-09-17
27,JeremyMNunez,1147,2023-09-18
28,JeremyMNunez,1136,2023-09-19
29,JeremyMNunez,1141,2023-09-20
30,JeremyMNunez,1136,2023-09-21
31,JeremyMNunez,1164,2023-09-22
32,JeremyMNunez,1159,2023-09-23
33,JeremyMNunez,1166,2023-09-24
34,JeremyMNunez,1167,2023-09-26
35,JeremyMNunez,1177,2023-09-27
36,JeremyMNunez,1183,2023-09-28
37,JeremyMNunez,1187,2023-09-29
38,JeremyMNunez,1195,2023-09-30
39,JeremyMNunez,1193,2023-10-01
40,JeremyMNunez,1202,2023-10-02
41,JeremyMNunez,1215,2023-10-03
42,JeremyMNunez,1199,2023-10-04
43,JeremyMNunez,1205,2023-10-05
44,JeremyMNunez,1210,2023-10-06
45,JeremyMNunez,1216,2023-10-07
46,JeremyMNunez,1221,2023-10-08
47,JeremyMNunez,1220,2023-10-09
48,JeremyMNunez,1228,2023-10-10
49,JeremyMNunez,1225,2023-10-12
50,JeremyMNunez,1237,2023-10-13
51,JeremyMNunez,1225,2023-10-14
52,JeremyMNunez,1228,2023-10-15
53,JeremyMNunez,1235,2023-10-16
54,JeremyMNunez,1217,2023-10-17
55,JeremyMNunez,1232,2023-10-18
56,JeremyMNunez,1237,2023-10-19
57,JeremyMNunez,1264,2023-10-20
58,JeremyMNunez,1262,2023-10-22
59,JeremyMNunez,1269,2023-10-24
60,JeremyMNunez,1259,2023-10-25
61,JeremyMNunez,1271,2023-10-26
62,JeremyMNunez,1262,2023-10-27
63,JeremyMNunez,1256,2023-10-29
64,JeremyMNunez,1274,2023-10-30
65,JeremyMNunez,1291,2023-10-31
66,JeremyMNunez,1275,2023-11-01
67,JeremyMNunez,1282,2023-11-02
68,JeremyMNunez,1276,2023-11-03
69,JeremyMNunez,1270,2023-11-04
70,JeremyMNunez,1259,2023-11-05
71,JeremyMNunez,1258,2023-11-06
72,JeremyMNunez,1256,2023-11-07
73,JeremyMNunez,1257,2023-11-09
74,JeremyMNunez,1252,2023-11-10
75,JeremyMNunez,1244,2023-11-11
76,JeremyMNunez,1244,2023-11-12
77,JeremyMNunez,1250,2023-11-13
78,JeremyMNunez,1251,2023-11-15
79,JeremyMNunez,1257,2023-11-16
80,JeremyMNunez,1263,2023-11-18
81,JeremyMNunez,1258,2023-11-19
82,JeremyMNunez,1251,2023-11-23
83,JeremyMNunez,1251,2023-11-24
84,JeremyMNunez,1246,2023-11-25
85,JeremyMNunez,1232,2023-11-26
86,JeremyMNunez,1226,2023-11-27
0,thenextbesthang,1802,2021-06-03
1,thenextbesthang,1981,2021-07-22
2,thenextbesthang,1942,2021-08-21
3,thenextbesthang,1896,2021-10-18
4,thenextbesthang,1917,2023-01-22
5,thenextbesthang,1867,2023-02-19
6,thenextbesthang,1856,2023-03-22
7,thenextbesthang,1825,2023-03-23
8,thenextbesthang,1859,2023-03-29
9,thenextbesthang,1818,2023-06-03
10,thenextbesthang,1857,2023-06-17
11,thenextbesthang,1711,2023-06-18
12,thenextbesthang,1692,2023-06-19
13,thenextbesthang,1705,2023-06-22
14,thenextbesthang,1743,2023-06-23
15,thenextbesthang,1747,2023-06-24
16,thenextbesthang,1737,2023-06-25
17,thenextbesthang,1747,2023-06-26
18,thenextbesthang,1740,2023-06-28
19,thenextbesthang,1731,2023-06-29
20,thenextbesthang,1720,2023-06-30
21,thenextbesthang,1748,2023-07-02
22,thenextbesthang,1750,2023-07-03
23,thenextbesthang,1758,2023-07-04
24,thenextbesthang,1742,2023-07-05
25,thenextbesthang,1752,2023-07-06
26,thenextbesthang,1752,2023-07-09
27,thenextbesthang,1777,2023-07-12
28,thenextbesthang,1762,2023-07-14
29,thenextbesthang,1769,2023-07-20
30,thenextbesthang,1786,2023-07-21
31,thenextbesthang,1803,2023-07-25
32,thenextbesthang,1803,2023-07-26
33,thenextbesthang,1803,2023-07-27
34,thenextbesthang,1804,2023-08-02
35,thenextbesthang,1819,2023-08-03
36,thenextbesthang,1826,2023-08-06
37,thenextbesthang,1835,2023-08-12
38,thenextbesthang,1842,2023-08-13
39,thenextbesthang,1850,2023-08-14
40,thenextbesthang,1858,2023-08-31
41,thenextbesthang,1869,2023-09-05
42,thenextbesthang,1857,2023-09-06
43,thenextbesthang,1873,2023-09-10
44,thenextbesthang,1883,2023-09-16
45,thenextbesthang,1867,2023-09-20
46,thenextbesthang,1893,2023-09-29
47,thenextbesthang,1906,2023-10-06
48,thenextbesthang,1917,2023-10-09
49,thenextbesthang,1938,2023-10-25
50,thenextbesthang,1925,2023-10-28
51,thenextbesthang,1924,2023-11-29
52,thenextbesthang,1973,2023-11-30
